2, 6832, 7307
2, 1169, 4452
4, 614, 2905
1, 7243, 7110
3, 414, 8464
4, 6799, 1051
3, 7492, 7896
2, 467, 7722
1, 648, 6954
1, 9076, 6498
4, 9252, 4331
2, 8314, 1418
4, 7070, 4966
1, 6720, 2138
1, 1927, 5319
1, 9336, 4299
1, 3869, 6139
4, 9226, 6303
2, 4398, 4851
2, 1345, 9836
1, 1259, 2760
4, 3487, 617
3, 4633, 5647
1, 8528, 9607
4, 9403, 4505
3, 3377, 7411
1, 3984, 1517
1, 1871, 1451
3, 3453, 8798
3, 5752, 4597
2, 9032, 3147
4, 1731, 9402
1, 7322, 8054
2, 7781, 2061
1, 2629, 8405
4, 5152, 4516
1, 4509, 7435
4, 6424, 861
4, 9742, 8671
1, 8523, 7243
2, 6731, 5176
2, 9793, 642
3, 8789, 3627
4, 9126, 7298
2, 2419, 4831
3, 8680, 7021
2, 3987, 9430
2, 8045, 6283
1, 5699, 2724
1, 9476, 4737
2, 3934, 553
3, 3809, 2111
4, 8612, 1888
1, 51, 6018
3, 8082, 4083
4, 9032, 5894
2, 9048, 702
2, 1646, 5844
1, 5222, 4345
4, 8540, 9029
1, 2421, 2520
1, 4797, 4727
4, 9060, 1104
1, 5831, 4425
1, 5208, 8472
1, 627, 4581
1, 2745, 9137
4, 7951, 9324
3, 4575, 8306
4, 4970, 2014
1, 4171, 1978
1, 6908, 9068
2, 4212, 3904
3, 6480, 130
3, 3754, 2297
3, 7555, 4857
3, 8397, 4669
1, 6916, 4717
2, 5235, 1336
1, 87, 7360
3, 9042, 7120
1, 5034, 9861
4, 3499, 4182
2, 6867, 5569
2, 7993, 9624
2, 4160, 68
2, 5843, 9190
4, 2827, 2217
2, 1083, 9450
3, 6297, 3649
2, 4533, 3551
3, 2469, 2752
1, 3334, 5984
3, 3388, 1070
4, 6150, 5348
1, 6118, 875
2, 7725, 4522
3, 165, 4008
2, 6644, 45
1, 9193, 397
3, 4434, 1860
3, 8546, 3468
1, 8302, 4723
4, 3606, 3604
1, 4961, 6332
3, 5164, 1783
3, 4463, 9809
4, 7225, 2600
3, 1848, 6875
1, 1630, 598
4, 6947, 812
3, 2997, 2838
4, 9344, 3370
2, 5519, 7678
4, 841, 3027
2, 4205, 9517
3, 2731, 8433
1, 9418, 5713
1, 4331, 7090
3, 7048, 7277
2, 2144, 4637
3, 3573, 8477
2, 743, 673
2, 8694, 1337
4, 40, 9882
3, 6307, 837
3, 9537, 2905
4, 3649, 2533
3, 2174, 6755
4, 2717, 204
2, 3371, 2366
1, 5630, 5979
2, 2448, 7651
1, 2559, 8358
3, 5834, 7451
3, 8118, 6371
4, 4818, 9178
4, 4228, 3729
4, 5266, 4854
4, 218, 6326
4, 8491, 8412
3, 9672, 556
3, 5695, 3174
4, 8312, 5681
1, 4896, 1047
3, 7197, 1554
3, 3533, 5214
1, 371, 1631
1, 9182, 9777
4, 6823, 3147
4, 3100, 6134
2, 3855, 1972
1, 1053, 2466
2, 5541, 1261
4, 6194, 6727
4, 9580, 1340
3, 733, 9478
3, 1703, 2142
1, 8014, 9583
2, 1319, 7269
1, 8410, 6800
3, 2336, 7619
2, 1823, 6678
2, 5802, 5689
3, 7194, 3047
2, 4633, 3609
3, 3130, 7085
1, 6161, 1284
3, 5399, 4841
2, 7542, 6826
3, 8626, 7078
2, 4411, 5523
4, 7975, 1085
2, 9643, 3094
1, 8281, 8079
1, 1928, 5833
1, 609, 596
1, 5629, 1780
3, 603, 503
3, 7742, 1495
4, 7085, 7732
1, 2788, 1620
1, 6874, 7554
4, 7628, 9107
3, 1331, 9361
2, 3232, 9863
2, 1093, 6865
4, 1352, 1670
1, 7145, 1214
3, 3730, 4251
1, 7488, 4763
3, 1576, 3524
3, 6022, 8516
3, 8387, 3808
3, 78, 411
2, 1585, 1416
3, 5149, 3795
2, 5341, 4733
4, 7639, 217
1, 1240, 6413
3, 2618, 4140
1, 1243, 7154
3, 2372, 9111
2, 4959, 9577
4, 8082, 6060
3, 9107, 7908
4, 7502, 2297
2, 4730, 5918
3, 3289, 2630
1, 2201, 3720
3, 9401, 7447
1, 417, 4018
1, 5766, 2565
3, 4969, 3108
1, 9210, 4083
4, 394, 6121
3, 2823, 1437
4, 3381, 9043
3, 6433, 1089
4, 1167, 8586
3, 214, 9640
1, 8988, 3697
4, 4195, 1451
2, 514, 184
1, 2441, 5027
1, 4575, 9340
3, 2412, 4684
1, 7628, 2701
1, 4514, 4890
4, 9752, 5829
3, 5463, 8908
1, 4751, 5850
3, 961, 3095
4, 1466, 9867
1, 4584, 1096
1, 428, 7204
2, 3236, 1803
3, 6501, 199
1, 2867, 1213
1, 9560, 2077
1, 9834, 4532
1, 5637, 8522
3, 4543, 2540
2, 9465, 3877
2, 1814, 8244
3, 920, 3995
3, 4541, 7579
4, 7289, 450
1, 515, 9775
3, 9282, 3503
1, 8292, 1258
3, 1707, 2869
4, 6839, 3831
3, 807, 8660
4, 56, 9046
1, 7247, 3607
3, 686, 486
3, 5780, 5754
3, 1135, 3105
1, 222, 6663
1, 1614, 7871
1, 2475, 4221
2, 8457, 9390
2, 6567, 3406
4, 9807, 7189
3, 8751, 9785
1, 6172, 5075
3, 8473, 830
4, 7322, 6792
3, 50, 1604
2, 7898, 6467
3, 2141, 8484
4, 6749, 8621
3, 3504, 5926
1, 7263, 4641
2, 9740, 9647
4, 9069, 3426
4, 9332, 7772
4, 9789, 1913
4, 542, 2629
2, 9116, 3421
2, 129, 1559
3, 8400, 2470
4, 9442, 1691
1, 3265, 1888
3, 5437, 8543
4, 5361, 1886
2, 9490, 8555
1, 1794, 515
2, 8499, 2986
2, 5499, 8795
3, 1726, 2443
4, 7046, 262
4, 8355, 7323
4, 2313, 1484
3, 5121, 6566
4, 1438, 4920
3, 9153, 5142
3, 5916, 5949
3, 9628, 3309
2, 487, 4985
3, 9577, 8286
4, 2326, 5827
4, 7552, 6652
3, 8638, 9416
2, 7579, 7634
2, 9309, 51
2, 4134, 9459
2, 5795, 9853
4, 5049, 1944
2, 2244, 6935
4, 3593, 1773
3, 61, 8129
2, 5404, 3133
1, 5438, 543
2, 9235, 1290
2, 4116, 6137
4, 8004, 931
1, 8770, 6809
2, 1450, 8615
1, 7081, 287
1, 4619, 6380
3, 7983, 6078
4, 3115, 7768
2, 7504, 3000
3, 39, 3605
2, 969, 9729
1, 1754, 5380
1, 1836, 8386
1, 5476, 121
2, 2188, 9496
3, 6789, 3749
1, 5223, 3948
3, 2623, 3619
2, 4870, 5104
4, 8394, 5383
3, 7157, 4609
3, 9264, 7311
1, 3950, 8438
4, 9925, 8186
3, 6030, 2904
3, 5701, 1067
3, 2166, 9294
2, 8364, 6306
1, 8572, 2800
1, 5966, 3135
2, 882, 9175
4, 6014, 1835
2, 7227, 2910
1, 2112, 9045
3, 8917, 3352
2, 4498, 1890
3, 2498, 7324
4, 8450, 2450
2, 659, 1452
1, 5689, 3645
4, 1444, 8163
4, 9060, 1198
2, 3521, 6390
3, 3231, 5720
4, 3863, 4751
2, 5500, 3735
2, 9497, 9545
2, 9540, 9935
3, 5468, 4335
3, 6572, 7775
1, 9458, 7260
3, 9010, 695
2, 2786, 5986
4, 895, 5670
3, 7670, 7448
2, 4703, 9542
3, 3041, 7320
1, 2069, 7421
3, 4495, 7863
2, 5977, 7486
3, 8281, 4990
1, 3736, 6681
4, 7730, 7460
3, 9482, 8190
1, 5581, 780
2, 9355, 9801
4, 9860, 5280
3, 7324, 554
4, 3610, 9425
2, 5149, 3476
3, 9848, 2719
4, 7410, 3555
3, 1107, 9402
3, 7469, 4296
4, 9984, 3519
3, 7385, 1092
1, 4915, 2509
4, 9720, 5833
2, 182, 2361
3, 1023, 9519
2, 4401, 8104
4, 2617, 2371
4, 7954, 1462
2, 7849, 150
1, 7105, 6813
3, 6669, 1545
2, 6999, 2178
1, 1440, 3177
4, 8725, 8479
1, 2643, 2782
3, 94, 1113
3, 2045, 2634
1, 1060, 2432
3, 9327, 9806
3, 9373, 3284
2, 6946, 552
1, 3465, 5598
4, 8052, 8651
1, 4012, 1981
2, 1210, 3282
3, 9664, 4444
2, 675, 8818
2, 5079, 4020
3, 5575, 8825
2, 1189, 9291
3, 6225, 400
3, 6790, 6495
3, 7865, 2999
3, 8043, 7387
3, 5771, 9864
3, 9721, 2403
2, 2434, 2564
4, 3253, 4940
4, 5351, 3652
4, 8451, 2680
2, 7019, 3286
2, 3817, 2423
1, 7155, 2781
1, 1593, 1791
4, 8758, 3373
3, 6093, 9911
1, 5969, 6919
3, 2858, 2969
2, 2266, 4068
1, 8100, 8138
4, 1150, 9250
1, 2568, 1045
4, 4866, 5450
4, 221, 5989
1, 1091, 3575
1, 8426, 5715
4, 9311, 9650
3, 4122, 3225
1, 3729, 1142
3, 8629, 1236
1, 4932, 4175
2, 6222, 1682
4, 3673, 9056
4, 6989, 8451
3, 8966, 71
1, 1124, 5439
3, 3744, 4591
3, 9227, 3831
2, 775, 3724
4, 6421, 4971
4, 2986, 9562
3, 4012, 8655
2, 6410, 8242
4, 9573, 6161
1, 479, 9202
1, 2205, 3114
4, 9981, 203
2, 2341, 5265
3, 2177, 1718
1, 1475, 4566
4, 2832, 7177
1, 2700, 1139
2, 209, 1227
2, 9166, 9153
3, 6547, 4916
4, 1102, 665
2, 6468, 9378
4, 6724, 9964
4, 3223, 1602
3, 3319, 7636
4, 1011, 7755
3, 4417, 4705
4, 4331, 7198
1, 7816, 8035
4, 8833, 8987
2, 8577, 2348
4, 2026, 188
1, 2915, 53
4, 4686, 1963
2, 1691, 4856
4, 1552, 9954
2, 5359, 4432
3, 2643, 599
1, 988, 8282
4, 9700, 6353
2, 3094, 8223
4, 6452, 6188
4, 9653, 5967
1, 9406, 4373
4, 8951, 16
1, 8279, 9643
2, 9023, 5748
2, 6750, 895
1, 200, 2104
3, 5142, 1610
4, 5058, 8243
3, 9600, 6005
1, 5050, 4720
4, 7465, 6702
2, 7940, 9267
2, 5822, 2809
3, 6762, 8930
1, 6166, 1501
3, 4989, 9267
4, 9112, 9618
2, 4807, 6821
3, 7240, 617
2, 8765, 5454
1, 9518, 8324
2, 1454, 296
4, 655, 1875
4, 7620, 1597
2, 1624, 1545
2, 7268, 14
3, 8938, 9867
4, 974, 6939
4, 9084, 4596
4, 6088, 5176
4, 7810, 2653
1, 272, 1822
1, 3214, 7206
2, 5528, 3867
3, 9526, 3697
3, 4152, 8478
2, 7049, 1897
1, 3058, 9223
2, 1259, 1019
4, 2870, 3892
4, 2234, 1227
1, 1245, 2939
4, 1421, 5742
1, 9961, 1513
4, 1849, 2387
1, 7049, 1966
2, 5094, 52
3, 1008, 4701
2, 3054, 3901
4, 4543, 1343
4, 4604, 9021
3, 6636, 7083
1, 2789, 3225
1, 2893, 2578
2, 7289, 4609
2, 5993, 8419
2, 1009, 3693
1, 5158, 1649
2, 9150, 3128
4, 9751, 2248
4, 3306, 9004
4, 85, 3441
1, 1463, 9914
1, 4008, 3376
4, 4930, 8250
2, 3843, 5269
4, 8449, 1989
2, 5499, 7659
2, 740, 7647
1, 5816, 1564
2, 4002, 4334
1, 2773, 4240
1, 1450, 7720
3, 7147, 1965
3, 9567, 1073
3, 3651, 4562
2, 4257, 9931
2, 9700, 4178
4, 7946, 7516
1, 2005, 4956
2, 6213, 5877
1, 3380, 412
2, 9484, 9760
2, 4347, 338
4, 1434, 6507
4, 6440, 8041
3, 4371, 8915
2, 4280, 2803
1, 2406, 5885
2, 2642, 348
1, 6806, 9962
4, 6478, 611
1, 2477, 5238
4, 6142, 7083
2, 322, 1516
3, 2456, 4586
2, 436, 938
4, 4579, 4448
4, 5271, 282
3, 6356, 4987
1, 2552, 1287
1, 8107, 5161
4, 4223, 6087
1, 3219, 4427
1, 8073, 8999
3, 479, 8090
3, 5088, 1419
3, 4095, 5204
1, 1376, 4462
2, 9292, 8313
2, 951, 6420
1, 3808, 8299
2, 1206, 2531
4, 4395, 1342
4, 7271, 7096
2, 602, 8123
2, 6756, 4879
4, 4544, 4829
3, 4567, 7160
4, 4378, 3285
1, 5105, 2779
1, 4524, 8422
1, 9623, 1737
3, 493, 8039
2, 8638, 8993
2, 6548, 891
4, 1899, 6623
1, 8372, 1241
3, 8037, 4154
4, 3158, 1255
2, 6749, 4191
4, 5989, 8637
3, 2912, 6979
3, 9097, 5175
2, 5097, 2697
2, 4456, 5767
1, 4421, 44
1, 9519, 6258
1, 8005, 8515
1, 1666, 2538
1, 946, 5646
3, 7428, 3086
4, 1377, 1117
3, 4423, 6524
2, 7397, 9118
4, 9401, 5332
1, 3614, 7956
4, 2162, 156
1, 1424, 6695
1, 2797, 9305
3, 171, 9173
4, 2916, 3320
3, 4695, 36
2, 8165, 9932
1, 9244, 46
1, 9915, 4440
1, 8298, 2025
3, 2277, 8544
2, 2164, 5365
3, 5754, 9814
4, 6785, 9590
1, 2270, 4659
3, 2919, 7875
1, 3671, 3831
3, 6147, 3730
3, 5528, 952
1, 4078, 3482
3, 4988, 2686
3, 1432, 7648
2, 5527, 9792
2, 1103, 8273
2, 1199, 4989
3, 3897, 650
3, 5525, 6097
3, 4492, 5943
4, 4573, 6976
4, 305, 5920
1, 8085, 1931
2, 1025, 168
3, 6250, 6745
1, 5851, 5989
2, 7098, 7523
4, 3872, 7946
4, 9311, 2375
1, 8133, 4556
1, 3606, 2290
1, 7002, 9958
3, 7796, 971
3, 5903, 7735
3, 6471, 5529
2, 4533, 2454
4, 7918, 9833
4, 5443, 4878
4, 9295, 9577
3, 1571, 9579
4, 9407, 5359
1, 2619, 2511
2, 95, 2223
3, 2571, 2346
2, 2108, 2355
4, 772, 6263
1, 9572, 686
1, 8003, 6067
1, 7652, 8372
3, 9943, 3602
1, 2860, 5306
2, 5399, 6446
4, 7360, 828
1, 2469, 3366
1, 6551, 3820
1, 7707, 5755
1, 7257, 6916
3, 7723, 6191
1, 9209, 5142
4, 6603, 2562
1, 3152, 1829
1, 2620, 8469
3, 1657, 890
2, 1600, 288
3, 2657, 9091
2, 2114, 4322
2, 4807, 2279
4, 5080, 5804
1, 1865, 6603
3, 131, 171
1, 8186, 9044
4, 4087, 364
1, 568, 8164
2, 9470, 5640
4, 1048, 4401
2, 6501, 8756
4, 9367, 4817
3, 6734, 6756
3, 5663, 4959
1, 8454, 2324
1, 4229, 2194
2, 3781, 2901
2, 7871, 423
1, 3125, 5073
3, 4281, 9733
3, 2201, 1931
1, 6507, 9703
1, 4389, 8370
3, 4953, 5374
1, 613, 3116
2, 607, 583
4, 2769, 4140
3, 9976, 8314
3, 6305, 5356
4, 9978, 5107
2, 7011, 37
4, 6492, 6973
2, 8127, 9997
3, 3999, 6289
4, 349, 9958
2, 5460, 9392
4, 3320, 3563
4, 751, 2793
2, 8335, 3922
2, 3246, 2646
2, 7814, 8151
1, 5292, 4948
2, 3694, 9771
2, 2444, 6276
3, 9803, 1541
3, 2254, 4219
2, 4463, 4446
3, 7675, 1660
1, 9394, 8183
2, 5735, 1344
4, 5641, 7947
2, 9090, 6446
3, 8057, 8964
2, 9618, 7744
3, 7735, 4120
1, 8271, 9671
1, 557, 2177
3, 3142, 2016
3, 818, 3174
2, 2238, 6723
1, 5893, 4319
1, 7343, 6579
4, 727, 8599
2, 5038, 4374
2, 8592, 2315
3, 9392, 4076
3, 6103, 9202
1, 399, 2074
4, 1246, 6724
4, 5428, 8679
2, 3237, 5630
3, 6480, 6981
4, 5225, 3096
3, 5397, 7414
2, 4372, 8629
1, 8679, 4417
1, 9180, 4086
3, 6402, 2602
3, 3814, 2709
3, 6806, 3807
3, 7664, 7247
3, 5391, 6705
3, 3078, 9157
3, 7257, 3353
3, 4123, 9420
4, 5820, 8080
1, 8176, 503
3, 3891, 182
2, 7439, 8155
2, 6953, 7764
1, 8616, 4998
2, 7347, 6304
2, 9996, 8408
4, 530, 6980
2, 1880, 4446
1, 731, 1059
3, 773, 7416
4, 99, 8719
3, 4573, 719
1, 9004, 4605
1, 2383, 8530
4, 1180, 281
4, 4104, 1935
2, 412, 9370
3, 119, 5878
4, 1650, 2980
4, 2664, 6885
3, 1655, 5765
3, 3578, 4082
4, 1574, 1123
3, 4877, 3720
4, 2011, 1713
3, 8612, 4
1, 7665, 8694
2, 6966, 3408
4, 1083, 580
2, 26, 6933
1, 1882, 1839
3, 5291, 900
4, 9252, 9665
2, 2244, 3541
3, 7236, 418
1, 4880, 3329
2, 5193, 4489
3, 1087, 6161
2, 4833, 7642
4, 9655, 5380
3, 5345, 158
1, 4455, 4045
2, 1197, 1971
4, 4216, 304
1, 70, 6414
2, 6921, 8193
3, 3655, 1243
4, 9068, 7435
2, 3845, 1826
3, 8104, 1974
4, 3675, 1136
3, 141, 5323
1, 9370, 5520
2, 6999, 6566
2, 9357, 8769
3, 7479, 945
4, 5431, 4289
1, 8338, 9752
4, 4128, 9319
1, 5077, 9119
2, 6474, 7348
3, 9803, 4449
1, 1305, 7085
4, 5962, 2891
2, 44, 3532
2, 5221, 4951
1, 2942, 8461
2, 567, 6370
1, 7828, 3144
2, 4114, 6237
3, 8310, 2194
4, 536, 7107
3, 8126, 2859
3, 830, 3701
1, 366, 9922
4, 6403, 1632
4, 3629, 5575
1, 782, 2740
3, 3675, 2060
3, 8499, 6825
2, 233, 7937
1, 4465, 4127
2, 6928, 1530
1, 9957, 2960
2, 6755, 2102
2, 785, 171
2, 6402, 7595
2, 8569, 2426
2, 796, 8729
1, 2655, 9216
1, 3287, 7616
3, 4113, 177
2, 3767, 2010
1, 9408, 6647
1, 7061, 5664
2, 4377, 8551
2, 6994, 2835
4, 5778, 9490
3, 8765, 8835
4, 6589, 2377
3, 1166, 4982
2, 3810, 7930
1, 6067, 6267
2, 9748, 1464
3, 9204, 2015
4, 8119, 8970
1, 4022, 1163
2, 8637, 3990
3, 5358, 2748
1, 1960, 6636
2, 3756, 891
2, 9770, 5703
4, 3458, 4235
1, 1939, 5246
4, 6503, 9850
2, 783, 4743
4, 4812, 505
3, 3089, 5208
3, 4285, 6607
1, 3559, 8163
2, 5196, 8397
2, 505, 9019
3, 3092, 7904
2, 9859, 1593
3, 8955, 6533
1, 833, 8734
2, 1045, 3170
4, 9338, 2020
3, 9931, 3267
1, 902, 6677
4, 1682, 193
1, 4494, 9050
4, 2705, 6264
4, 7237, 4295
3, 9203, 9112
1, 9828, 6331
2, 3035, 2334
2, 1859, 814
4, 118, 6008
2, 1641, 990
3, 4310, 6973
2, 5686, 6759
4, 7308, 2226
4, 1996, 3507
2, 8354, 786
2, 5039, 762
2, 5388, 445
1, 5754, 4287
4, 2498, 6886
3, 265, 185
1, 6256, 8040
2, 2187, 9882
2, 5529, 4091
4, 4512, 497
2, 5950, 500
1, 2088, 2195
1, 39, 6955
1, 4453, 5543
1, 1921, 6868
3, 462, 647
4, 7958, 9572
3, 1562, 5497
1, 5953, 8121
1, 7151, 6196
3, 6917, 3963
4, 1352, 3538
1, 625, 4545
1, 7865, 2125
4, 8367, 8751
1, 5790, 6440
4, 5769, 8212
1, 8506, 15
1, 2710, 3498
1, 1021, 9086
4, 6388, 6041
4, 3788, 801
2, 8474, 5460
4, 5978, 6206
3, 2657, 4255
3, 5954, 9169
2, 7767, 3557
1, 9386, 437
2, 2089, 761
3, 8311, 7177
2, 6145, 3026
1, 3133, 3817
1, 6029, 573
4, 7856, 7063
1, 6240, 4974
4, 8529, 466
4, 1219, 7507
2, 1837, 9684
4, 4451, 5076
2, 2272, 7810
2, 4596, 6146
2, 989, 8456
3, 945, 5225
2, 1509, 84
2, 5326, 1753
1, 9799, 9305
2, 4113, 4202
4, 358, 1112
4, 4874, 3999
1, 1564, 6845
4, 6785, 621
1, 4029, 1418
4, 6929, 4201
2, 5735, 8837
1, 3220, 5187
3, 7729, 978
2, 4421, 8085
4, 7593, 6938
2, 1391, 9061
2, 2925, 7386
3, 1578, 8111
3, 7861, 1500
4, 6872, 7029
2, 8214, 3260
3, 3239, 4502
4, 8918, 7393
4, 1514, 3008
1, 6792, 7190
1, 9497, 7955
2, 6520, 8615
3, 5559, 7123
4, 6327, 5754
4, 8928, 4395
2, 3597, 703
3, 301, 5621
4, 1912, 9590
1, 8116, 4175
3, 3576, 7074
4, 3704, 9323
4, 4054, 3009
2, 4664, 612
1, 2433, 9671
4, 8216, 4605
1, 4374, 4880
3, 2344, 8976
4, 6752, 524
4, 7718, 8050
2, 6401, 2227
1, 4508, 1894
2, 9975, 1420
3, 4910, 1136
1, 3714, 4816
4, 3123, 162
4, 6753, 2505
1, 661, 9874
4, 4079, 9102
3, 759, 1047
3, 554, 2247
1, 4028, 558
3, 9503, 7424
3, 8435, 330
3, 3560, 8113
2, 360, 6399
2, 9998, 7752
4, 65, 2000
3, 2733, 124
1, 7147, 9632
2, 8077, 58
1, 1082, 5714
1, 2863, 1054
2, 534, 7801
1, 1451, 9791
2, 3245, 9720
2, 6803, 6656
3, 7779, 9638
1, 4869, 4831
4, 1895, 1874
4, 400, 6905
3, 7289, 7061
1, 5034, 3873
2, 328, 6258
2, 8335, 6575
3, 3211, 8949
4, 6266, 6580
4, 4094, 7796
2, 7756, 9640
4, 1382, 2659
1, 4659, 8928
3, 2691, 316
1, 2631, 2321
3, 313, 960
2, 5177, 9710
3, 1806, 112
1, 1676, 3297
2, 2958, 5423
3, 2568, 6059
1, 8188, 5514
2, 3815, 5456
4, 1257, 5410
2, 792, 9146
2, 1463, 5946
2, 9135, 5062
3, 2478, 1760
4, 5889, 6598
2, 6465, 4475
1, 9223, 5244
3, 4600, 8045
2, 9093, 4375
2, 8928, 2735
3, 9851, 9678
4, 9006, 854
4, 4585, 4107
4, 5788, 1676
2, 6865, 998
3, 478, 4069
4, 6799, 9620
2, 6405, 2899
3, 206, 1240
2, 4912, 7393
4, 552, 692
4, 8153, 200
1, 6849, 3254
1, 2407, 7191
1, 8941, 4743
3, 1203, 117
1, 345, 5197
4, 2705, 4059
3, 9599, 1490
4, 6899, 1626
4, 4088, 3101
1, 5871, 2756
1, 3421, 4567
2, 41, 1152
3, 7882, 2567
2, 4491, 9534
1, 9517, 4151
1, 1977, 8562
1, 559, 9172
2, 3126, 6224
1, 6168, 1789
4, 2918, 8783
1, 2241, 9534
2, 285, 1237
1, 6645, 5862
3, 1732, 7796
3, 6217, 4640
4, 9578, 2000
2, 9395, 1211
2, 6112, 2688
1, 8591, 7159
4, 2766, 6281
1, 258, 8409
1, 7743, 9000
2, 5054, 2425
2, 1558, 8693
4, 8888, 9842
4, 5940, 9185
4, 3187, 742
3, 9654, 4383
4, 8306, 1043
4, 8054, 7006
3, 4980, 604
4, 568, 7680
2, 1649, 3978
4, 6383, 3540
4, 1771, 2647
4, 7873, 9875
1, 7085, 8286
4, 5512, 7445
1, 184, 2632
2, 2962, 3488
1, 9212, 1471
3, 5312, 1683
2, 2667, 4120
4, 1938, 412
2, 9166, 2146
2, 3036, 3888
2, 4365, 6668
2, 4136, 4800
3, 5918, 9677
1, 8613, 8604
3, 5809, 8453
3, 2004, 3064
3, 807, 3117
2, 3955, 21
1, 5419, 9067
2, 8776, 556
1, 9780, 2745
4, 2540, 7397
4, 1621, 4858
2, 9412, 1202
4, 535, 3691
3, 4412, 3759
1, 9100, 119
4, 6075, 8876
3, 2133, 102
3, 1837, 2051
1, 4746, 4239
2, 5382, 4996
4, 8041, 6715
4, 5895, 6849
3, 3853, 7205
3, 1862, 9729
4, 1490, 408
1, 5127, 8782
3, 5761, 4798
1, 43, 9267
2, 8926, 657
1, 5081, 4822
3, 8083, 2919
1, 6525, 7402
1, 1290, 7807
1, 3827, 2956
4, 4057, 3976
3, 9126, 5513
3, 6500, 4693
3, 691, 9864
1, 7342, 4311
2, 5998, 6249
3, 9540, 9740
1, 9244, 7882
4, 1141, 9352
1, 3683, 1241
3, 8886, 5161
2, 1645, 9093
2, 4304, 5638
2, 8913, 5862
1, 3846, 6869
4, 1334, 4687
2, 3030, 519
4, 5317, 3628
4, 4872, 4866
1, 7389, 1240
1, 451, 5164
4, 6683, 3143
2, 9014, 9033
2, 7120, 8329
1, 5505, 8551
4, 3862, 9452
2, 3335, 2712
2, 1979, 2050
4, 4481, 6457
1, 8160, 4819
3, 4523, 5888
1, 400, 6486
3, 4118, 9366
1, 5076, 7019
1, 8771, 7180
4, 778, 3709
2, 8791, 1814
1, 8801, 7699
1, 1702, 7750
2, 973, 6050
3, 6266, 1663
1, 4814, 1194
3, 6386, 9151
3, 6337, 3605
3, 9681, 5520
2, 887, 6574
1, 988, 3241
1, 7067, 5045
2, 5152, 240
1, 4143, 8652
2, 319, 7383
3, 9829, 5416
3, 6833, 5226
3, 4770, 5707
3, 8862, 4825
3, 656, 2205
1, 1577, 1449
3, 9213, 4444
3, 4168, 3432
3, 1152, 5775
2, 5118, 9692
1, 6792, 6173
1, 110, 7314
1, 9588, 937
4, 8565, 5701
3, 1783, 5123
4, 9073, 5778
1, 7373, 2915
1, 7168, 9365
1, 1928, 5165
4, 5411, 9119
3, 9064, 9839
4, 5472, 4212
2, 6939, 8000
1, 292, 2247
3, 6284, 4429
2, 5085, 8050
1, 4995, 6539
2, 3983, 6222
1, 8287, 7924
3, 9146, 1542
3, 9205, 8077
1, 5975, 7479
2, 7247, 1063
4, 9930, 6334
4, 8257, 6790
2, 9888, 3346
2, 5435, 6548
1, 2443, 1263
1, 2591, 6668
3, 9314, 6492
2, 4283, 2984
1, 8257, 1378
4, 8581, 5978
1, 129, 6559
4, 6516, 964
4, 696, 6857
3, 981, 8064
2, 7049, 1134
1, 2048, 4017
3, 9209, 801
4, 1659, 6216
4, 8146, 9892
3, 9064, 6770
4, 9649, 6924
1, 3603, 2497
1, 1207, 2968
1, 5050, 2238
1, 1001, 5535
1, 6222, 5824
2, 4247, 8409
1, 5996, 7740
1, 9136, 7878
4, 5692, 980
4, 7579, 6173
4, 6702, 9333
4, 5907, 433
4, 8138, 7062
4, 7608, 6533
3, 7608, 4907
4, 4250, 6019
4, 1193, 6775
1, 4760, 2207
3, 6777, 5598
3, 9161, 1176
4, 1472, 6286
2, 869, 8760
3, 9790, 5468
1, 7035, 8853
3, 150, 4019
1, 2428, 4322
1, 1334, 4254
3, 5565, 2829
1, 8280, 4659
1, 1623, 4137
4, 281, 9419
1, 7936, 6015
4, 6609, 7640
4, 1514, 4109
1, 9672, 6380
1, 4348, 4898
3, 1053, 2964
4, 3818, 3720
1, 55, 8345
2, 662, 9031
3, 7778, 9451
2, 9255, 3972
2, 5312, 4694
1, 2208, 4372
4, 3152, 5547
3, 3664, 9029
4, 6813, 9003
2, 2877, 1164
1, 751, 4338
1, 8300, 8133
3, 1749, 5974
2, 1551, 5318
4, 6687, 2878
3, 713, 7478
1, 2094, 2845
2, 6745, 7082
4, 8383, 6553
1, 783, 8807
1, 4560, 9466
4, 2117, 6281
3, 7264, 1792
1, 9944, 4825
4, 2712, 7763
4, 8325, 9217
2, 3722, 1617
2, 1241, 1275
3, 3635, 6234
1, 9387, 4425
1, 2977, 7748
1, 7428, 2711
2, 2697, 9927
2, 5904, 2052
3, 7667, 371
1, 676, 524
4, 4861, 6618
2, 5660, 1322
4, 264, 2862
2, 8843, 5131
2, 9716, 9200
3, 8690, 8944
2, 1436, 7074
3, 5735, 4519
3, 9013, 7745
2, 2438, 5849
3, 4922, 5656
2, 1876, 7232
2, 9943, 8081
3, 718, 8095
4, 3191, 1254
1, 3844, 7159
2, 8312, 2005
1, 1533, 1309
3, 8799, 7986
1, 5122, 3938
2, 7224, 9581
4, 8952, 6419
1, 190, 3114
2, 6793, 3696
2, 6009, 6741
3, 2822, 2929
1, 4668, 52
1, 728, 821
4, 1469, 5837
4, 3895, 1269
1, 9812, 8980
4, 5704, 3344
4, 161, 9078
3, 271, 5576
1, 3699, 5466
3, 3973, 5847
2, 2944, 3158
4, 3854, 9606
3, 3010, 5221
1, 8267, 392
3, 8566, 9431
1, 7670, 5978
4, 3699, 1255
2, 3884, 1691
3, 179, 5928
3, 9588, 9802
2, 8522, 7101
3, 565, 7880
3, 9341, 445
2, 9227, 3591
1, 1232, 6893
4, 5745, 6264
4, 3801, 6236
3, 8858, 5603
4, 4716, 9278
4, 3085, 2171
1, 9509, 8830
4, 725, 7100
2, 6661, 2595
4, 1145, 5996
2, 7464, 5170
2, 7424, 8777
2, 8557, 3110
4, 8933, 432
1, 8855, 2267
1, 7823, 4339
3, 526, 4540
4, 8684, 2736
2, 8495, 9017
3, 9797, 4192
1, 3881, 56
1, 3822, 2838
1, 3672, 3896
4, 126, 2612
2, 5474, 1476
4, 1747, 7690
1, 3848, 7635
3, 6869, 952
2, 1214, 3130
1, 3348, 1621
1, 1740, 5818
1, 5959, 484
3, 2280, 2205
1, 4734, 6106
3, 9696, 1967
1, 576, 2662
1, 3056, 1377
3, 2286, 3155
3, 3451, 1801
3, 9023, 816
3, 7009, 7651
1, 3465, 1982
2, 8448, 3949
4, 9087, 3552
4, 8555, 6752
2, 2747, 479
2, 4559, 1031
2, 3797, 6594
3, 6841, 8746
1, 4173, 5
2, 2304, 4955
2, 8075, 401
4, 7935, 5596
3, 4368, 9696
1, 1768, 6792
1, 5800, 6261
2, 684, 9195
1, 7410, 1648
4, 6271, 619
3, 6332, 855
4, 1017, 375
2, 954, 1838
3, 881, 5675
1, 2911, 9349
4, 2295, 2944
2, 644, 1463
3, 5897, 5434
3, 6904, 6625
4, 9065, 6440
3, 5420, 3544
2, 1898, 776
1, 6356, 4371
3, 9018, 2071
2, 2761, 4890
4, 7727, 980
4, 2577, 1688
3, 2319, 7782
2, 822, 7784
3, 4474, 4260
4, 6591, 8615
2, 6203, 9898
1, 2825, 7738
4, 3107, 8213
3, 8493, 3145
1, 9664, 7228
3, 5264, 7553
1, 2071, 5934
2, 1509, 3248
1, 8468, 811
3, 40, 5959
1, 8100, 2037
4, 9386, 9533
4, 8765, 9627
2, 9413, 4190
3, 3936, 6247
1, 4091, 7913
2, 2954, 2772
2, 4673, 9454
1, 3396, 5879
1, 9581, 8668
1, 2003, 6353
4, 2054, 3981
1, 9773, 9655
3, 8676, 3976
4, 4471, 1402
2, 1683, 114
3, 76, 9127
3, 1997, 1344
1, 6950, 2741
4, 7313, 5775
3, 3061, 7819
4, 5654, 6064
2, 8330, 311
4, 7886, 9590
1, 9879, 9480
1, 9343, 8645
4, 7955, 9914
1, 6389, 2195
3, 728, 482
1, 5485, 5427
3, 6100, 3058
2, 6336, 3764
2, 5769, 8720
1, 1417, 5994
3, 6108, 148
3, 5314, 7647
4, 6474, 7541
2, 6617, 3587
4, 8454, 4561
1, 5724, 1920
2, 8637, 1003
3, 9345, 9276
1, 6893, 9655
3, 395, 9749
4, 2302, 4881
1, 6772, 8843
1, 7190, 9857
3, 5394, 6773
3, 1167, 122
4, 80, 8604
1, 6543, 3181
1, 5765, 2025
2, 1193, 375
4, 9301, 6802
1, 765, 2347
3, 9657, 8679
3, 2883, 6890
3, 8700, 6970
3, 5598, 9009
2, 749, 3051
1, 7777, 803
4, 183, 3779
3, 8757, 4747
1, 3466, 5440
3, 8538, 9168
4, 6301, 3401
3, 3364, 2175
3, 1049, 4115
2, 126, 5827
3, 6248, 751
4, 7085, 9931
2, 4882, 4042
4, 9943, 4137
4, 4933, 467
3, 9694, 167
3, 7209, 9722
3, 1032, 422
1, 5835, 9142
2, 4278, 668
4, 7269, 3853
4, 8854, 9957
3, 9922, 5304
1, 7188, 6549
4, 3996, 5958
2, 9275, 5722
2, 867, 8309
3, 6915, 5051
2, 6644, 2754
4, 8549, 2973
2, 7594, 8087
3, 4648, 3087
2, 6691, 845
1, 4928, 9181
1, 2940, 3518
2, 8777, 4773
4, 8373, 1559
2, 1708, 9547
1, 1382, 7549
1, 9618, 2434
4, 8672, 6661
2, 1645, 884
4, 9349, 7018
3, 1803, 4782
1, 6634, 9173
2, 9373, 3940
3, 5391, 2357
1, 5925, 7257
4, 134, 521
4, 3883, 2032
1, 5401, 4033
3, 2231, 6858
4, 5055, 3422
2, 3693, 8277
2, 6787, 4131
2, 2528, 2073
1, 2778, 2487
3, 3494, 8002
1, 9484, 7981
1, 7525, 8780
2, 5047, 6570
2, 5149, 8663
2, 1775, 4396
4, 3385, 8040
1, 9167, 320
2, 298, 595
4, 7780, 1022
4, 6146, 6272
4, 5941, 5414
3, 6591, 9983
1, 2906, 1352
2, 17, 2231
1, 2029, 3243
4, 9348, 5568
3, 1405, 8794
2, 1043, 6064
2, 310, 6052
1, 9629, 8803
1, 7421, 7104
2, 6745, 9683
1, 2167, 2193
1, 6445, 1486
1, 9692, 2359
1, 5487, 2544
1, 3871, 8755
3, 5405, 6296
1, 5675, 3535
3, 8354, 4240
1, 3600, 1781
3, 3334, 7454
2, 4988, 3225
2, 1684, 6833
4, 6783, 9743
1, 3334, 6694
2, 9973, 5015
2, 975, 6329
3, 7333, 5206
1, 6724, 9114
1, 5322, 6010
1, 3370, 7963
4, 4516, 6166
4, 7508, 2275
2, 1053, 3031
4, 3853, 3317
2, 7996, 7259
4, 2977, 1205
3, 5761, 8186
2, 571, 9878
3, 5522, 8617
3, 2446, 9216
2, 6846, 3836
1, 9475, 2560
4, 5561, 340
1, 1019, 3115
3, 5299, 7969
3, 3897, 8004
4, 5843, 3204
1, 7115, 1118
4, 408, 7267
3, 202, 7563
3, 162, 1327
1, 5793, 1589
2, 4454, 5702
1, 4252, 6797
1, 2431, 569
2, 4691, 3506
3, 7292, 5287
1, 6821, 9243
4, 9194, 8009
1, 1889, 1344
2, 1632, 52
2, 1677, 5
1, 6332, 4398
3, 5212, 4360
2, 9363, 2065
3, 6674, 8704
2, 9336, 5645
4, 1983, 5342
1, 1015, 760
1, 9808, 6924
3, 7900, 2082
2, 9097, 367
3, 1584, 6547
3, 1447, 6584
4, 1250, 6457
3, 6605, 5591
1, 3631, 2831
1, 8667, 1400
3, 381, 4408
1, 2317, 4112
1, 3212, 5400
3, 9172, 6952
3, 1648, 5460
1, 5885, 1094
2, 4114, 2314
3, 6754, 5544
2, 5038, 5342
2, 4919, 1027
2, 8210, 5432
4, 5127, 2649
4, 7787, 6662
4, 2968, 4834
1, 4758, 1559
4, 7870, 869
4, 7521, 7413
2, 5791, 2150
1, 9125, 244
4, 484, 5127
3, 6060, 4907
4, 7486, 7737
4, 6391, 1997
4, 8384, 9177
2, 8731, 715
1, 6679, 9509
1, 2516, 5764
4, 8114, 4049
4, 3806, 3898
4, 5038, 4443
1, 4021, 3444
3, 8472, 9473
1, 9701, 5350
3, 4215, 3237
2, 643, 4685
4, 1318, 52
1, 5840, 712
3, 8750, 4860
4, 2161, 1929
3, 4838, 3942
1, 5542, 134
3, 6032, 4935
3, 7140, 4984
1, 9868, 802
4, 1512, 3362
3, 5697, 3185
2, 669, 2787
3, 4736, 4484
4, 6783, 7738
2, 6802, 6569
4, 453, 6407
2, 8406, 1880
4, 3822, 1754
4, 1174, 9114
3, 335, 4197
4, 5226, 3251
4, 1806, 2341
2, 8710, 9351
4, 2528, 5743
3, 1212, 5164
3, 8024, 3092
4, 757, 6467
4, 9155, 556
4, 3504, 3873
3, 4411, 4834
3, 678, 2529
1, 6120, 6756
1, 3237, 6703
3, 2661, 2091
4, 8586, 6261
1, 8445, 1272
4, 323, 4878
1, 7830, 2305
2, 620, 5745
4, 24, 398
3, 9836, 375
4, 9496, 9901
3, 5909, 2032
3, 2296, 5873
2, 2482, 658
1, 5913, 9567
2, 7959, 8341
2, 6567, 7040
3, 2211, 8188
3, 5072, 4166
1, 8942, 6516
3, 5797, 3428
3, 8731, 4367
3, 9600, 1386
2, 5379, 5101
2, 6819, 522
3, 5056, 8459
4, 1855, 3279
4, 5269, 5448
2, 7615, 4056
3, 4446, 6138
2, 344, 4489
3, 8688, 5135
1, 9345, 5613
3, 2999, 1070
3, 9553, 2015
4, 9504, 4320
4, 774, 7856
3, 1140, 6051
2, 988, 6980
4, 9033, 5116
2, 9065, 6050
3, 624, 1863
4, 2887, 9230
2, 8614, 4995
3, 2702, 6288
4, 6643, 8020
2, 4147, 519
3, 4971, 7567
4, 5470, 8560
2, 6925, 2148
3, 5189, 4749
1, 4845, 4346
1, 9221, 3865
1, 4609, 7918
2, 8909, 9639
1, 7201, 6312
1, 1337, 8313
4, 5217, 1366
4, 2385, 7895
4, 9863, 6279
2, 2036, 9403
1, 1329, 4038
2, 8073, 3474
3, 9059, 3390
1, 6946, 1264
3, 8818, 9812
3, 5803, 8149
1, 6755, 5525
1, 626, 3792
4, 1194, 3796
3, 4349, 6799
1, 2661, 8512
3, 160, 9255
3, 991, 7704
1, 8858, 704
4, 2909, 2733
1, 7987, 7748
4, 7837, 7958
4, 9730, 9488
1, 4233, 4720
4, 7727, 3537
2, 7001, 8808
1, 1718, 8845
4, 2687, 4729
4, 6651, 3767
1, 971, 208
4, 4387, 7831
3, 2106, 2732
2, 8055, 2226
2, 2621, 7246
2, 2611, 234
4, 1790, 5668
1, 1769, 3528
1, 6841, 6840
4, 6911, 6429
1, 9756, 4549
4, 2101, 2567
2, 5920, 4576
3, 334, 7834
1, 6217, 1599
1, 8692, 1383
1, 4325, 8665
1, 6736, 7761
3, 4021, 7080
4, 7352, 3203
3, 1083, 5303
2, 6530, 1286
1, 9558, 4769
3, 1214, 8207
3, 9146, 9439
3, 6331, 4100
2, 9521, 1613
2, 2646, 1843
3, 6473, 2958
2, 5690, 5840
2, 2908, 1414
4, 3134, 8664
4, 5871, 1927
1, 4698, 5991
2, 7955, 5438
4, 9642, 8214
1, 939, 8857
4, 7204, 3825
4, 7768, 3209
1, 4773, 8726
2, 4911, 1298
3, 5175, 1194
3, 5312, 6037
3, 4267, 3009
3, 1850, 6419
4, 1218, 7846
4, 2045, 520
1, 2053, 9810
4, 5835, 1369
4, 6621, 9023
2, 831, 7190
4, 3308, 2043
2, 5403, 8734
2, 4098, 5596
4, 648, 9128
1, 9156, 9443
2, 5417, 6414
3, 1373, 2456
2, 6156, 8761
1, 9258, 1138
2, 9541, 5063
2, 334, 6690
4, 2096, 7686
4, 2263, 8081
4, 4889, 435
3, 9775, 7115
1, 7629, 5782
3, 5334, 9794
4, 3338, 8326
1, 8561, 4869
3, 5634, 8510
1, 4629, 9259
4, 8308, 6359
1, 3291, 9082
3, 6438, 871
1, 6772, 1627
4, 9418, 8096
1, 6307, 3308
2, 5153, 2310
2, 4099, 6814
1, 8360, 6285
1, 9103, 4589
1, 8536, 5256
2, 9683, 5982
4, 7027, 3177
2, 6417, 2224
2, 4930, 8146
1, 4870, 282
4, 7432, 6198
1, 6169, 4844
1, 1671, 6331
4, 8634, 4794
2, 7174, 6624
3, 1223, 106
2, 2037, 7634
3, 9825, 5756
4, 7640, 3060
1, 7582, 2906
2, 7243, 8471
4, 5134, 846
2, 5121, 809
3, 9019, 1512
1, 1289, 6509
1, 2612, 8528
4, 782, 7967
4, 664, 4425
2, 6366, 8920
1, 684, 8481
3, 7877, 6170
3, 543, 1681
2, 9421, 9806
2, 9965, 1108
3, 7056, 304
3, 8587, 1604
2, 7445, 8637
3, 8513, 5011
2, 1084, 4359
4, 1641, 1231
4, 5539, 4015
4, 779, 582
1, 25, 3958
3, 6344, 8503
4, 6086, 106
1, 6340, 6718
4, 702, 4702
3, 3217, 6756
1, 6397, 3685
4, 7737, 7120
2, 1550, 1514
4, 4190, 3979
2, 7808, 9414
1, 1778, 3220
3, 2023, 3449
3, 1597, 346
3, 9410, 773
2, 6234, 9763
3, 7677, 6583
4, 1060, 6290
4, 4269, 4290
1, 7752, 7970
2, 1505, 6211
3, 5347, 3711
2, 2781, 6946
3, 3853, 9882
4, 9029, 9854
4, 5939, 5159
2, 9016, 6280
3, 5744, 8802
1, 5839, 5971
4, 8591, 8305
4, 1149, 1160
2, 6579, 9240
2, 4508, 8710
2, 882, 2239
2, 7216, 4399
3, 7996, 1992
4, 7252, 2766
3, 6794, 6044
2, 4728, 1770
2, 8738, 9076
3, 990, 5549
2, 3938, 7243
4, 1469, 121
2, 1327, 308
3, 3137, 2277
3, 8294, 9168
1, 4936, 4358
1, 4333, 1072
1, 2059, 8957
4, 5360, 5250
3, 3675, 8455
1, 9612, 2978
1, 9375, 553
2, 8746, 2986
3, 9793, 745
2, 8037, 7043
4, 2141, 5728
3, 1739, 420
1, 7256, 411
1, 9407, 5368
3, 1091, 1825
2, 5815, 6964
2, 7685, 1013
3, 5, 3487
3, 7594, 3493
3, 4414, 6570
4, 2408, 7487
4, 2917, 7573
4, 3031, 8067
4, 1463, 3877
4, 4007, 5729
1, 8040, 4432
3, 1026, 5177
2, 8722, 1730
4, 7391, 3321
3, 2884, 2003
2, 8588, 7779
1, 4593, 3280
4, 200, 6110
1, 6954, 5949
3, 8526, 9525
3, 4290, 8122
3, 3484, 7961
4, 9834, 9688
4, 8831, 973
3, 9425, 7874
1, 6128, 3269
3, 2776, 6612
1, 8792, 4240
1, 912, 4304
3, 8993, 9451
2, 8092, 4483
2, 9818, 6938
4, 5965, 6915
2, 2743, 8849
1, 1156, 4691
2, 4914, 4338
3, 1929, 2263
4, 6320, 4342
3, 3274, 1912
1, 2083, 1053
2, 663, 609
2, 5954, 1652
3, 1295, 7029
1, 887, 7403
4, 274, 8318
1, 2958, 7528
3, 5876, 2816
2, 2503, 6763
1, 1416, 9693
2, 880, 703
1, 265, 3150
2, 2970, 6291
1, 8697, 5807
1, 3210, 1545
4, 834, 816
4, 3985, 9910
3, 2762, 8351
2, 9540, 7793
3, 9031, 6107
2, 9700, 5326
4, 2385, 2394
4, 8614, 8886
3, 5594, 3937
4, 9241, 5544
1, 1687, 1995
2, 4794, 6068
4, 6865, 9463
3, 4504, 3335
3, 4644, 5331
2, 4111, 9372
2, 3540, 7549
3, 1255, 7700
3, 614, 7779
1, 7467, 9023
1, 2675, 8848
1, 114, 699
1, 521, 296
3, 6733, 4816
1, 3541, 1436
2, 12, 4712
1, 8334, 64
2, 5780, 844
4, 9542, 336
4, 4157, 1070
4, 887, 3469
3, 934, 1095
3, 4699, 9997
4, 4246, 7377
2, 6239, 3255
4, 9333, 7924
1, 1589, 3803
3, 7188, 3533
1, 6926, 8462
4, 3743, 4415
4, 2933, 5243
1, 4420, 5899
4, 4701, 400
1, 3191, 2181
4, 4666, 2257
1, 1716, 56
2, 394, 5447
2, 7524, 2372
1, 4932, 6337
2, 6872, 5401
4, 4143, 5027
1, 3844, 9534
3, 5768, 6531
4, 7917, 1698
4, 1259, 3070
4, 4947, 6161
1, 888, 3371
2, 7653, 7302
1, 3811, 1689
4, 812, 3788
4, 754, 911
1, 4551, 2414
2, 3626, 9248
4, 5607, 8011
4, 6511, 6635
1, 8034, 4669
2, 9443, 1080
1, 2241, 4536
4, 8496, 3334
3, 6893, 6609
2, 1740, 6872
1, 5534, 9164
1, 3047, 6371
4, 3345, 9423
4, 8227, 6505
3, 3350, 1013
1, 382, 5752
1, 4175, 4514
2, 8518, 9356
1, 3519, 8185
1, 4721, 9536
2, 388, 571
2, 4288, 1678
2, 6845, 9786
3, 5181, 5120
3, 3350, 7672
2, 5997, 581
2, 5366, 1073
1, 9958, 8097
2, 9567, 9187
1, 9216, 5571
4, 5589, 3661
1, 2840, 8943
4, 1931, 6456
3, 6250, 7209
4, 3435, 5326
3, 9071, 3538
2, 826, 149
1, 750, 7006
1, 5142, 7632
4, 5304, 7502
1, 417, 1902
2, 2284, 3136
4, 1163, 1752
2, 2914, 4209
2, 199, 1213
3, 9192, 1417
3, 199, 3564
4, 836, 5649
2, 1993, 2612
3, 4104, 8962
4, 1687, 4836
1, 1181, 2678
4, 7979, 5250
2, 3771, 5456
2, 2598, 4554
2, 4281, 8033
2, 2165, 8736
2, 1962, 4557
3, 38, 726
4, 7218, 9316
4, 3512, 9601
4, 1359, 8404
1, 1133, 5142
1, 5992, 2145
3, 754, 8096
2, 8352, 4363
1, 4520, 6824
4, 2908, 8841
3, 5705, 5817
1, 2464, 7567
3, 189, 9473
4, 8125, 6662
3, 3281, 1859
4, 7938, 1074
1, 163, 1958
3, 2642, 553
2, 6020, 8245
2, 8871, 9175
2, 1772, 2151
3, 1969, 6810
3, 8998, 4456
1, 1186, 7853
3, 4330, 4515
2, 5009, 1017
1, 1651, 175
4, 8373, 3711
3, 5251, 3727
1, 2902, 9069
4, 1093, 708
4, 880, 4751
2, 5964, 1292
1, 672, 3956
3, 2902, 5077
1, 9958, 1221
1, 7047, 2877
4, 2749, 1085
2, 6933, 7046
1, 4917, 2135
2, 5394, 2471
2, 1495, 9643
3, 6551, 4449
4, 6401, 7157
4, 7973, 1831
2, 2919, 5376
2, 6359, 3406
4, 13, 7220
1, 2133, 206
4, 7393, 9696
2, 3900, 2837
3, 820, 7511
2, 498, 438
3, 9701, 5331
3, 8132, 2412
4, 7796, 4356
1, 1691, 7249
1, 6361, 9194
4, 5032, 9735
1, 1135, 506
3, 1767, 2001
3, 4950, 9407
1, 1051, 7528
1, 703, 2949
1, 2109, 8441
1, 5843, 7471
4, 3488, 7372
1, 5597, 8725
3, 7428, 8529
4, 7522, 3402
1, 9238, 3093
2, 17, 983
4, 3991, 7873
3, 353, 7751
1, 8598, 5367
3, 7918, 8539
4, 4597, 7820
4, 4989, 2988
4, 4742, 2070
3, 8281, 143
4, 1085, 7382
1, 4890, 1523
3, 4487, 166
1, 4214, 357
1, 3640, 9770
3, 6934, 5404
4, 5107, 1349
4, 8126, 4088
4, 1129, 3858
4, 4504, 1386
2, 5700, 143
2, 3544, 8995
1, 8367, 9044
2, 8358, 7150
3, 5209, 3776
3, 4390, 2787
2, 1390, 8592
2, 8767, 5493
3, 113, 7127
3, 8032, 4619
4, 8554, 8103
2, 1574, 3008
3, 6809, 4897
4, 8614, 4132
2, 3201, 2200
2, 2145, 7915
4, 3503, 27
2, 480, 5078
2, 4290, 7274
3, 6568, 3734
1, 6709, 4877
2, 7878, 5330
1, 2830, 9242
2, 6132, 8751
1, 2034, 5924
4, 6155, 6988
2, 7014, 5375
1, 2675, 6455
3, 8287, 6105
2, 2990, 8675
4, 8395, 9201
3, 8062, 6944
1, 8585, 9649
1, 4778, 5600
1, 5818, 7823
3, 3643, 8071
1, 4468, 667
2, 4561, 3598
4, 1763, 7442
3, 2953, 4693
1, 8055, 2563
3, 5227, 4837
4, 9668, 8981
3, 6798, 3319
4, 8788, 517
1, 7945, 4645
2, 7282, 836
1, 1028, 9801
4, 4245, 4593
2, 6047, 3597
3, 8367, 1855
4, 2912, 7003
3, 4696, 3805
1, 2981, 1391
3, 7985, 6171
3, 4546, 7382
4, 9973, 933
2, 8376, 6438
3, 8243, 1539
1, 7246, 7844
3, 983, 202
3, 6534, 9299
4, 4986, 1436
2, 5256, 3152
2, 2394, 8629
3, 9651, 4343
1, 958, 257
1, 8265, 3222
1, 1973, 9178
1, 4659, 1611
4, 8893, 1596
1, 2413, 3638
3, 6997, 5239
3, 5664, 1694
3, 6419, 5091
2, 2168, 5903
2, 7034, 5637
2, 2840, 5963
2, 2404, 570
1, 1625, 9453
2, 8342, 9121
2, 8704, 3060
2, 8705, 7100
4, 1275, 143
4, 4082, 1985
1, 1999, 6445
2, 3608, 2582
2, 827, 4508
3, 8872, 8750
1, 2418, 7215
3, 6289, 5777
1, 9812, 8414
3, 8060, 9739
3, 8748, 5866
2, 8390, 7404
2, 3405, 2987
2, 1833, 7955
2, 3457, 6740
3, 8811, 1535
3, 6464, 5458
4, 1284, 2399
2, 1269, 1351
2, 5004, 4031
2, 3686, 4610
4, 5091, 4777
1, 6252, 4710
3, 8872, 169
1, 6525, 8249
4, 1355, 8016
3, 3578, 1527
1, 5040, 2228
4, 7064, 2001
1, 9637, 6907
1, 1600, 6732
4, 4947, 6459
1, 8097, 1120
2, 2288, 4837
3, 8177, 6280
1, 6281, 9935
4, 2473, 2332
4, 8856, 742
1, 755, 3153
3, 7415, 2242
4, 1110, 225
4, 2895, 2873
4, 9297, 1824
3, 6731, 9338
3, 7854, 8910
3, 9438, 8867
1, 1039, 6540
3, 7414, 7367
4, 4698, 6348
3, 3229, 3891
4, 2508, 8865
3, 3242, 2998
2, 7352, 9934
1, 8462, 1546
2, 6736, 3017
4, 1778, 9520
1, 9730, 8491
4, 168, 8279
3, 4734, 1809
3, 9433, 5728
4, 2394, 3094
3, 223, 7875
3, 2929, 8092
1, 3576, 4284
2, 205, 1315
2, 2152, 7617
2, 5725, 2327
4, 6408, 7991
4, 8160, 2837
1, 6418, 3658
1, 8650, 4000
2, 3916, 7568
2, 3557, 6866
2, 1693, 699
2, 8272, 9935
4, 4584, 1895
3, 4438, 6265
1, 3821, 4086
4, 3277, 6781
2, 3517, 8419
4, 8998, 8495
1, 3361, 735
4, 2655, 6131
3, 7950, 8447
4, 4189, 3935
2, 2811, 3836
2, 485, 3411
1, 5428, 2833
1, 2354, 5676
2, 7093, 1554
4, 4679, 2702
2, 9729, 5950
4, 2150, 2688
2, 7266, 6033
2, 1060, 4069
1, 6603, 6772
4, 8025, 4465
1, 9736, 1457
1, 284, 420
2, 9507, 8188
1, 9960, 5278
2, 5976, 956
4, 4631, 1991
4, 9859, 9471
2, 1053, 462
1, 9302, 4577
1, 591, 6647
3, 8074, 9527
4, 6879, 4420
2, 8754, 9342
3, 899, 265
1, 7448, 4352
4, 6090, 9330
2, 2859, 8826
1, 7530, 3365
3, 5645, 4198
4, 4275, 8896
2, 3886, 2204
4, 4289, 1554
2, 3444, 4798
4, 6286, 2842
2, 2642, 4857
2, 7818, 2702
2, 2126, 756
4, 1456, 8374
2, 4578, 7877
4, 3961, 2780
2, 510, 6493
4, 5741, 4850
4, 3134, 7131
3, 6114, 9479
2, 7446, 4149
2, 3940, 2450
2, 2559, 8388
3, 7576, 2815
2, 5903, 746
3, 5405, 7819
3, 1035, 2241
3, 1380, 8203
1, 9852, 4637
2, 6593, 2527
2, 9646, 6923
2, 1906, 374
4, 8492, 7027
2, 1910, 8518
4, 3951, 7268
2, 5952, 1852
1, 6942, 9493
1, 6066, 1138
1, 8302, 2427
4, 9824, 999
3, 4754, 7476
3, 1782, 2392
4, 7799, 6316
3, 1863, 7420
2, 2139, 9179
3, 8169, 1111
4, 4685, 8756
3, 1923, 9156
1, 9394, 8809
4, 1845, 5240
3, 1542, 3820
1, 783, 8711
2, 7386, 4641
3, 245, 3274
2, 1241, 729
3, 8992, 2899
1, 4807, 3533
2, 3895, 6616
2, 5075, 6621
4, 4206, 828
4, 7042, 758
1, 3633, 3147
2, 7384, 8714
1, 2595, 7551
2, 283, 2466
4, 7388, 5186
4, 8614, 775
2, 7683, 9672
3, 1931, 2955
2, 1267, 8412
3, 428, 2822
4, 736, 2694
4, 421, 336
3, 2803, 2256
4, 1264, 7219
3, 2797, 2966
3, 3766, 6970
1, 3035, 2657
3, 6798, 3920
3, 2633, 9808
2, 6402, 6239
3, 3154, 116
2, 2838, 7872
4, 1369, 219
3, 387, 7276
3, 8076, 3299
2, 3412, 1040
1, 1781, 9081
1, 7277, 4094
4, 2096, 1170
2, 2978, 9278
2, 2312, 9955
4, 1421, 1628
1, 1634, 437
2, 7561, 481
3, 3485, 2308
4, 1342, 767
3, 185, 5289
2, 8594, 9514
1, 9538, 8278
2, 6675, 4829
3, 8334, 9101
2, 5198, 8895
4, 2925, 4469
3, 1736, 9021
1, 7876, 1473
1, 5771, 7726
4, 687, 683
2, 8146, 6437
1, 3901, 7588
1, 7308, 2642
2, 6058, 4429
2, 757, 4984
2, 9850, 8267
2, 7413, 8076
3, 8978, 555
2, 3380, 149
2, 5653, 3235
1, 3881, 6040
2, 459, 2258
3, 6504, 6737
1, 6413, 4418
3, 2750, 7907
3, 6946, 2671
1, 4323, 1508
2, 2946, 6013
4, 8055, 1518
2, 5642, 5066
3, 402, 1104
1, 4269, 5844
3, 3028, 1639
4, 2819, 843
2, 4509, 1480
4, 8906, 8146
3, 6898, 2592
2, 4724, 2459
1, 8312, 8419
3, 1552, 7584
2, 7526, 1783
4, 1664, 6261
1, 8326, 2423
3, 4894, 2278
3, 9555, 6736
4, 5055, 8436
3, 2195, 6945
2, 2530, 111
4, 7186, 6154
3, 3070, 9818
1, 6595, 4665
2, 3507, 8826
3, 2518, 2412
3, 4063, 3775
4, 8490, 2017
4, 5926, 2609
3, 5010, 1623
3, 2794, 3528
2, 9595, 5018
4, 5569, 557
3, 988, 8117
4, 4532, 1658
3, 6731, 288
3, 7051, 8046
2, 5882, 158
2, 4224, 8406
4, 9968, 8808
2, 9392, 4818
1, 245, 9212
2, 1355, 190
3, 2605, 5229
2, 6064, 8780
4, 8045, 1554
3, 4777, 6472
3, 802, 1862
2, 941, 6376
3, 1844, 5484
4, 4422, 6131
4, 5167, 4495
2, 9883, 5504
3, 3111, 4251
2, 7966, 608
2, 5741, 5892
4, 6811, 4815
2, 5876, 8548
2, 331, 2652
3, 9279, 1424
3, 9117, 4306
2, 2522, 4657
4, 3658, 7297
3, 6599, 9341
4, 680, 9395
2, 780, 4141
2, 8640, 6059
1, 9913, 1902
3, 7550, 4515
3, 5660, 1903
1, 1959, 9560
3, 6923, 645
3, 2887, 8470
4, 3921, 4369
1, 9095, 5267
2, 7196, 4551
2, 1392, 6141
2, 5822, 1564
4, 5443, 1071
1, 5071, 9816
2, 700, 8430
2, 3584, 7507
1, 905, 7567
4, 4723, 2744
2, 2039, 7209
3, 5037, 3045
3, 9108, 7582
2, 2354, 1114
4, 2827, 6487
3, 8575, 7011
4, 729, 4412
4, 1686, 1930
2, 8897, 4563
1, 429, 7923
4, 4673, 1905
4, 5500, 7902
1, 8542, 8781
1, 5497, 7216
4, 4367, 7373
4, 1419, 6863
3, 6832, 4898
2, 8509, 6455
2, 493, 9185
4, 7391, 6788
2, 7179, 3762
2, 9640, 7581
1, 7946, 8610
2, 5672, 831
3, 4858, 9852
4, 1925, 5559
3, 3208, 9108
3, 3325, 6528
2, 6321, 6021
2, 2822, 1321
2, 5870, 4231
2, 7970, 4056
2, 9033, 9135
2, 6908, 1422
2, 2120, 851
4, 368, 1623
1, 5198, 5612
1, 1886, 3778
1, 3204, 5595
2, 1818, 8251
2, 6530, 7945
3, 3079, 8593
1, 9840, 4472
3, 6965, 675
1, 5858, 542
3, 7146, 2778
3, 8752, 1205
3, 1934, 2107
4, 3759, 8089
1, 3320, 7799
2, 862, 5474
1, 864, 3508
3, 8483, 8114
4, 2415, 1635
2, 9801, 8847
2, 5432, 4591
1, 5650, 7345
4, 9871, 2505
4, 7174, 8737
1, 3826, 3013
3, 1114, 1571
4, 1543, 428
4, 1916, 8400
4, 9352, 5317
1, 2021, 3967
2, 1212, 743
4, 7497, 1716
1, 3831, 5313
4, 4276, 1092
4, 625, 1726
2, 5774, 5616
3, 4370, 1383
3, 1469, 3006
2, 736, 8025
4, 4032, 4579
2, 3979, 7797
1, 9546, 7681
3, 4725, 4584
1, 9455, 5492
2, 5450, 405
3, 7000, 8523
3, 5410, 3941
3, 2894, 9487
1, 3301, 7207
2, 5406, 9247
1, 2778, 7337
2, 7845, 7357
4, 5967, 1814
3, 4553, 4379
3, 4993, 1388
4, 4093, 2155
2, 7663, 1236
3, 4456, 4487
1, 3557, 9064
4, 3824, 4942
3, 5017, 3260
3, 7825, 1329
3, 7789, 8063
1, 5296, 1478
1, 415, 6962
4, 3805, 9324
1, 6677, 910
4, 322, 1640
4, 4788, 3372
1, 2111, 2224
2, 960, 3863
3, 9745, 5433
3, 6412, 4544
4, 8573, 5466
2, 1707, 8093
3, 8291, 1692
3, 4311, 3251
3, 4395, 3944
1, 3846, 9351
4, 5130, 8024
3, 5593, 4892
3, 5660, 8181
4, 4703, 1015
1, 6566, 1447
2, 2744, 5462
3, 2493, 572
3, 4482, 5601
3, 9223, 1711
2, 5855, 6825
1, 4574, 5915
1, 9317, 6239
1, 7094, 4251
4, 5900, 7872
4, 7033, 6473
3, 6641, 9068
3, 6509, 3420
2, 184, 5823
4, 2563, 6715
3, 1628, 6046
2, 5295, 1577
2, 2508, 3722
4, 2456, 4156
2, 5715, 244
4, 3053, 8873
2, 2194, 9676
4, 4978, 8787
2, 1175, 8551
4, 6771, 3388
2, 4578, 3682
1, 7290, 3545
2, 3792, 1713
2, 4089, 1876
4, 4465, 2821
2, 3427, 1548
1, 387, 9200
1, 947, 3152
4, 3534, 4008
4, 348, 5294
4, 5802, 6693
4, 2074, 2796
1, 9258, 1670
3, 8438, 814
1, 9730, 5557
1, 8694, 6712
4, 7851, 5065
2, 178, 4816
3, 3990, 1739
1, 6818, 208
2, 2424, 1863
1, 8687, 3948
1, 154, 7754
1, 1804, 1884
1, 1452, 4726
3, 3405, 8506
2, 7947, 9370
4, 9792, 8260
2, 621, 3040
3, 6018, 5257
2, 4997, 7474
2, 3530, 9016
2, 307, 3920
4, 176, 9871
1, 1751, 8740
1, 3433, 268
3, 2946, 9933
1, 9884, 6284
1, 9172, 955
2, 488, 1315
4, 4265, 9046
4, 2361, 9471
1, 6325, 6761
4, 590, 7293
2, 6297, 6362
3, 1198, 4073
4, 392, 3361
1, 3384, 4897
2, 4015, 5603
4, 729, 3507
4, 2134, 5597
4, 4851, 9129
4, 7577, 5330
2, 9452, 952
4, 9881, 4418
4, 3864, 7311
1, 3695, 6163
3, 999, 9081
3, 1881, 8932
4, 5818, 4636
2, 9898, 3385
2, 6792, 1964
3, 5704, 6565
2, 2323, 7598
4, 8509, 3914
2, 811, 5513
2, 8828, 1690
3, 6434, 4537
2, 7735, 7196
2, 8797, 7948
4, 3002, 294
1, 647, 613
3, 2094, 8686
3, 7072, 243
2, 5195, 2951
3, 6023, 824
4, 533, 7894
3, 9193, 3353
4, 4778, 6594
2, 1594, 8090
1, 8262, 8266
3, 8958, 4246
3, 9302, 2344
1, 1131, 587
2, 5762, 4565
1, 1877, 1803
4, 508, 7355
4, 3154, 2509
2, 2410, 7081
2, 821, 1859
3, 4207, 1573
4, 3498, 2910
2, 6456, 2943
2, 7336, 6798
3, 3546, 7519
1, 368, 4521
4, 3200, 9326
3, 7766, 7296
2, 7893, 6519
2, 9116, 4809
3, 7679, 8911
2, 3500, 7822
1, 9611, 4908
1, 8826, 373
4, 7385, 8974
2, 4200, 5733
2, 4803, 8481
3, 6536, 7331
2, 4163, 3522
4, 6280, 8061
3, 8684, 4689
2, 429, 1028
4, 1856, 5327
2, 6640, 2452
2, 1936, 5377
2, 5396, 2041
3, 1329, 8108
2, 4585, 574
1, 8742, 5472
2, 5455, 5869
2, 5133, 9871
4, 2046, 6320
1, 2179, 3416
1, 5000, 6693
2, 9230, 9398
3, 2794, 6010
3, 4893, 302
2, 5819, 9935
3, 3905, 172
2, 6720, 4264
1, 8037, 184
1, 2381, 451
3, 6283, 335
3, 6186, 1351
3, 1058, 7248
1, 3284, 9100
1, 6462, 7663
2, 8747, 5905
1, 6747, 7575
1, 1746, 9172
2, 2703, 6508
3, 2839, 9992
4, 5399, 4383
2, 3888, 3827
2, 8789, 6796
1, 3272, 4882
4, 2671, 5086
4, 2782, 7083
2, 577, 9676
2, 5489, 5602
1, 4694, 2695
2, 3145, 8814
1, 9813, 5745
3, 2939, 7971
2, 5718, 3699
1, 9568, 6164
3, 8224, 9975
3, 9378, 1951
1, 47, 778
4, 981, 6805
1, 2884, 2702
1, 1832, 5334
4, 9310, 1167
3, 1385, 4261
1, 5828, 2527
1, 227, 7033
4, 3904, 8427
2, 5395, 6522
1, 1332, 7534
1, 3798, 6172
2, 8971, 8007
4, 3157, 3405
1, 8060, 5533
3, 726, 2917
1, 4580, 2975
3, 5902, 9291
2, 1994, 3370
3, 3153, 2133
1, 5842, 8481
2, 5003, 4400
2, 7369, 1926
1, 210, 6262
4, 6268, 2770
4, 3632, 9687
3, 3262, 2217
4, 6215, 7432
3, 1216, 3716
2, 2449, 7106
4, 3419, 252
3, 9051, 5487
2, 6404, 728
1, 2234, 2741
4, 4053, 3247
4, 3451, 7118
3, 1220, 3282
4, 9543, 514
3, 5228, 6425
4, 1651, 4241
3, 3406, 7275
3, 8140, 3035
2, 5384, 3162
4, 6098, 5365
3, 9703, 3995
3, 7921, 6802
4, 3409, 9691
2, 2856, 3077
4, 9703, 2877
4, 3079, 8706
4, 2916, 1022
1, 5735, 5207
2, 8880, 5764
2, 8673, 6607
3, 7008, 1890
2, 8122, 5465
1, 4269, 5271
4, 8390, 897
3, 368, 2527
3, 1668, 4801
3, 6345, 1717
4, 1172, 258
4, 49, 140
1, 1446, 2721
2, 1860, 6709
4, 8051, 9500
1, 106, 8415
3, 6376, 753
1, 7020, 3888
3, 6690, 3085
4, 676, 7209
3, 8097, 6044
3, 7305, 6252
2, 4047, 5940
2, 8496, 6326
4, 5603, 9303
4, 3513, 3435
1, 2367, 3252
1, 5269, 935
3, 4227, 1375
3, 2635, 226
3, 5263, 3844
2, 9506, 5352
1, 290, 6510
3, 3196, 1593
4, 4851, 9340
4, 6867, 2465
3, 8452, 3608
3, 5315, 8116
3, 7808, 8629
2, 2390, 1226
2, 5211, 7061
1, 1773, 5762
2, 8731, 6921
4, 4912, 1917
4, 190, 7391
3, 8934, 229
4, 3602, 3204
3, 5837, 8588
3, 6196, 955
2, 6216, 5846
2, 2430, 5572
1, 672, 9903
3, 5014, 2987
1, 4356, 8230
2, 308, 1615
1, 493, 5633
4, 4509, 281
1, 3328, 7883
1, 3803, 9992
1, 2688, 9934
2, 4523, 9512
4, 1103, 396
3, 535, 2700
4, 6131, 7977
3, 9558, 7724
1, 7108, 6316
2, 6723, 5774
3, 5499, 4082
1, 3156, 1796
3, 7550, 3279
3, 6979, 871
4, 8140, 3365
1, 1307, 6373
4, 3453, 7116
3, 3396, 3942
1, 6662, 9986
3, 2116, 8168
4, 1301, 3154
1, 2898, 8099
2, 1885, 5378
2, 2356, 8468
2, 4528, 5750
3, 829, 2038
2, 2930, 658
3, 1970, 2877
3, 9140, 1331
3, 3716, 870
4, 5123, 1727
4, 27, 6255
4, 3741, 9343
4, 2044, 4713
3, 8506, 8598
3, 1887, 8825
1, 7250, 1803
1, 6450, 1153
3, 9914, 5422
2, 8315, 3518
2, 5257, 794
2, 8646, 4355
3, 2397, 2354
3, 8065, 7150
1, 9748, 4550
1, 3206, 6713
3, 6310, 4763
1, 8847, 6184
2, 9191, 8234
3, 9560, 7795
1, 7939, 7700
2, 5833, 8583
2, 8529, 2686
4, 9646, 6045
4, 9665, 3968
1, 6219, 4291
4, 6225, 5227
1, 5363, 4966
1, 1867, 8972
3, 8703, 2184
1, 9536, 7343
1, 7189, 2772
2, 1140, 6145
2, 6129, 81
4, 9660, 1435
2, 5898, 2557
1, 4992, 7232
1, 9718, 8721
4, 8002, 3229
3, 8890, 3618
4, 1331, 5737
2, 7034, 9529
1, 4778, 5541
4, 155, 1548
3, 5386, 5433
1, 462, 4011
1, 7900, 44
1, 6350, 5273
1, 547, 8671
4, 4208, 3603
1, 15, 5534
2, 2696, 7737
4, 4992, 1865
1, 8328, 3531
2, 5493, 6693
1, 9014, 2790
1, 497, 6611
1, 2265, 5158
1, 8253, 5637
3, 9272, 9946
3, 5476, 9691
2, 7829, 458
4, 8525, 8630
1, 3267, 7527
3, 889, 9768
4, 1969, 5446
4, 8979, 5731
1, 2988, 3062
2, 2509, 28
2, 50, 8330
2, 5500, 9843
3, 7479, 3641
3, 396, 1619
1, 9813, 2426
2, 9004, 6935
1, 4423, 3917
1, 6292, 5324
2, 3496, 1484
3, 5039, 6360
1, 3500, 3948
1, 5276, 1985
1, 7352, 4631
2, 6667, 5651
2, 6268, 1473
2, 7486, 8911
4, 7725, 845
1, 1022, 7852
4, 3251, 778
1, 6789, 2838
3, 6163, 3208
1, 3639, 5246
1, 1444, 7501
4, 8663, 6513
2, 2286, 5651
2, 5627, 6999
2, 6539, 4070
3, 5935, 6391
1, 1760, 4172
1, 766, 6588
1, 550, 6523
3, 799, 6581
4, 4556, 9588
4, 363, 4981
2, 3395, 7962
3, 1514, 1187
2, 8153, 8258
1, 2127, 1625
4, 3080, 4627
2, 2011, 8988
1, 1826, 4899
2, 5423, 3175
4, 8290, 2942
2, 4600, 5911
1, 3446, 4442
3, 6897, 7778
4, 345, 485
4, 9981, 1386
2, 3311, 6746
2, 8840, 2386
3, 5285, 3542
1, 1640, 8068
3, 5127, 7154
2, 6772, 7743
3, 7772, 7202
4, 2255, 7741
2, 3133, 7552
2, 4981, 6916
2, 9676, 4038
3, 7809, 4768
2, 1779, 3496
2, 5334, 7987
3, 4911, 4447
3, 8019, 1272
2, 4820, 5726
2, 6915, 5351
1, 6397, 9933
3, 7417, 9479
4, 3572, 792
2, 6394, 3496
2, 8022, 6430
4, 9957, 5084
1, 2663, 7026
3, 4795, 5442
3, 4208, 9880
2, 764, 8547
3, 5215, 1139
2, 1421, 5325
4, 418, 8290
2, 7765, 2963
3, 8620, 9393
4, 3450, 9398
3, 8312, 1647
4, 5213, 583
2, 5562, 3774
1, 6661, 4607
4, 8343, 3638
4, 802, 2031
1, 9310, 4800
2, 5807, 4302
1, 7346, 5922
1, 6539, 7634
3, 8490, 2703
4, 7546, 8192
4, 6786, 4782
4, 5254, 3274
1, 9320, 9290
1, 7207, 8635
2, 2517, 2147
1, 8651, 7742
2, 5659, 9258
2, 3733, 6110
4, 9545, 37
3, 4490, 9827
3, 3698, 3527
2, 5961, 2456
4, 8668, 6790
4, 4190, 9823
1, 2091, 515
3, 4869, 3327
3, 5056, 313
3, 5613, 2661
3, 4688, 9068
2, 6082, 1699
1, 42, 1065
2, 3016, 9160
2, 2943, 1487
1, 5625, 7743
4, 2128, 3127
1, 4892, 1742
3, 4253, 7349
2, 7457, 464
2, 4736, 6708
4, 791, 6396
3, 1648, 3316
1, 8886, 3
1, 6955, 5410
3, 5196, 2962
2, 8004, 6868
2, 5275, 2745
4, 957, 9032
1, 7262, 7312
1, 2149, 4632
4, 9637, 7132
3, 3343, 3308
1, 3203, 6488
2, 4381, 3858
2, 9895, 8874
4, 6769, 7212
3, 5443, 2004
2, 122, 5188
3, 7019, 6265
4, 9402, 3135
1, 4994, 7304
1, 7916, 5420
1, 1595, 6201
3, 5831, 721
2, 458, 6011
3, 1530, 9341
2, 8395, 6416
4, 1040, 192
3, 8526, 7091
1, 2145, 5417
3, 7893, 4881
2, 7308, 8488
1, 4091, 6309
4, 9443, 13
2, 8552, 3211
1, 6773, 1858
4, 1961, 6782
1, 2637, 5010
3, 2560, 1119
1, 215, 6493
3, 8119, 8953
2, 9380, 8372
3, 8189, 2256
3, 5272, 2369
4, 545, 1098
3, 1747, 7316
4, 9371, 1952
1, 9081, 5072
2, 9611, 9311
2, 4901, 9811
2, 2656, 2009
1, 2427, 4879
2, 1650, 3060
3, 1418, 4242
2, 5898, 5957
2, 9286, 619
3, 4511, 9129
2, 6029, 999
1, 2337, 662
4, 9137, 8900
2, 4332, 9252
1, 1011, 8441
2, 5310, 142
2, 160, 9215
2, 1052, 3894
1, 1502, 3144
2, 9904, 7106
4, 8831, 2838
1, 7256, 5566
1, 4646, 4763
4, 6585, 5908
1, 6881, 1187
4, 1352, 4088
2, 6835, 1977
3, 7771, 2007
1, 8342, 3269
4, 2647, 3399
1, 5780, 3439
4, 7081, 9957
2, 1395, 3837
2, 7807, 825
4, 448, 4713
3, 5834, 6706
3, 7707, 186
1, 8164, 3267
3, 8847, 8427
4, 5025, 2863
2, 5325, 5077
4, 2717, 2423
4, 3596, 675
1, 1754, 974
1, 6997, 4374
1, 417, 8324
3, 4900, 5144
3, 9884, 5324
1, 2860, 7966
1, 7660, 4703
3, 6955, 1720
3, 6993, 1074
3, 3053, 2353
4, 5375, 8066
2, 6094, 8229
3, 7029, 7732
3, 5429, 6830
3, 7816, 7462
3, 568, 9313
1, 6535, 9724
3, 2076, 9220
3, 4422, 1691
4, 5660, 81
1, 7932, 2528
3, 2883, 3951
1, 2218, 1477
3, 6746, 1986
1, 3257, 699
1, 8199, 9725
1, 6050, 2298
2, 9686, 2132
2, 5322, 7122
2, 7019, 3217
4, 7916, 1459
1, 2922, 5712
4, 4885, 6997
1, 3828, 6423
1, 8201, 8675
1, 5445, 7130
1, 5784, 6155
4, 4213, 4299
3, 210, 743
2, 4138, 661
3, 7390, 7291
1, 1399, 1489
2, 1735, 6194
1, 3243, 9750
3, 8157, 4278
3, 2209, 1692
1, 1126, 1785
1, 3483, 9779
1, 2430, 4919
4, 5317, 6647
4, 716, 7478
2, 3515, 8434
3, 137, 9431
2, 1153, 7920
4, 3799, 3326
2, 2123, 9121
1, 8792, 2117
3, 4388, 9119
3, 8417, 1328
3, 1007, 4964
2, 9318, 8515
3, 4206, 2617
1, 8531, 1381
3, 4628, 486
4, 9542, 5621
2, 4039, 1339
3, 4083, 9065
1, 2151, 8429
4, 9958, 7717
3, 36, 1033
1, 171, 6105
1, 2402, 5907
2, 8865, 9840
3, 4019, 2755
4, 4951, 8968
2, 5937, 4117
4, 8304, 6515
4, 9745, 143
3, 6518, 5239
3, 3337, 9652
2, 4968, 7364
3, 2195, 3867
4, 6626, 8099
1, 5583, 5241
4, 820, 8602
3, 7166, 7737
2, 7369, 6544
2, 7188, 7786
2, 47, 3691
3, 3204, 803
3, 6684, 7105
3, 8214, 549
2, 6104, 483
2, 1394, 7140
1, 9156, 3664
2, 9499, 7914
3, 4195, 3312
3, 6469, 3530
2, 707, 2365
3, 5474, 766
3, 4934, 4303
2, 8460, 1155
4, 2691, 6844
3, 3128, 786
3, 9818, 7712
3, 6417, 4268
4, 8287, 7857
3, 3197, 5998
1, 3424, 8621
1, 2199, 6505
2, 5547, 6933
2, 4109, 6916
3, 9144, 9356
4, 1697, 8286
1, 6667, 9537
1, 3676, 4106
2, 3023, 2848
1, 494, 992
2, 9817, 5097
4, 1978, 1470
4, 5292, 9738
1, 3070, 4193
2, 5211, 7097
3, 13, 9709
4, 870, 7444
4, 2912, 621
1, 3987, 8359
3, 1937, 3771
2, 9657, 9031
4, 2643, 460
3, 4249, 6440
4, 8932, 4377
4, 8924, 8345
2, 5534, 2182
4, 5752, 903
3, 8513, 6744
1, 2645, 7622
4, 9329, 1494
3, 1243, 3228
4, 8752, 4472
3, 5202, 3387
1, 7207, 6096
1, 3727, 1333
3, 8328, 8571
2, 3829, 6446
4, 9859, 5952
2, 2201, 4871
2, 3967, 1806
1, 5505, 8665
2, 3360, 5035
3, 3455, 5222
4, 1198, 3146
2, 9206, 6577
4, 1379, 9010
1, 2448, 8684
4, 9046, 2461
3, 711, 7124
3, 8208, 9578
1, 4915, 8727
4, 1208, 6953
4, 1300, 4262
4, 509, 1196
2, 5490, 2935
3, 6052, 1843
2, 2081, 4085
4, 2271, 7918
4, 1912, 4173
4, 865, 2116
2, 1519, 3459
3, 5633, 2976
4, 8361, 1571
1, 1785, 7832
3, 121, 313
2, 8697, 6136
4, 7369, 3124
2, 4425, 7749
2, 8646, 7046
4, 3272, 2224
3, 498, 6199
3, 9478, 9822
1, 7075, 7410
3, 2508, 5858
3, 2305, 7622
4, 1786, 1821
4, 6810, 3078
2, 3793, 944
1, 607, 6342
3, 9205, 9350
1, 8015, 3102
2, 8719, 3851
3, 1182, 8558
3, 8510, 791
4, 2888, 248
2, 7965, 154
3, 1301, 6628
4, 7885, 8130
1, 669, 1940
3, 8724, 2884
2, 277, 3941
3, 6129, 3548
2, 9290, 4760
2, 2889, 122
2, 5696, 8775
2, 5051, 6196
1, 6649, 2455
3, 5951, 5255
1, 3775, 1959
4, 450, 6654
4, 3308, 3220
4, 8407, 8219
4, 3022, 8412
2, 950, 8651
3, 1070, 3803
3, 778, 3964
4, 3737, 9314
3, 6530, 575
2, 8836, 8694
1, 7053, 6880
4, 159, 5206
4, 8462, 8474
2, 9949, 7392
2, 4389, 3878
3, 6167, 5617
3, 8699, 1572
3, 6537, 6936
1, 5378, 994
3, 4867, 3416
1, 261, 4232
2, 4606, 3604
1, 424, 8133
3, 247, 4071
1, 5382, 6051
4, 4263, 9506
2, 8051, 6831
4, 1425, 2258
1, 1765, 5411
4, 1132, 4428
4, 7609, 6171
4, 9228, 5165
4, 2040, 1478
4, 6563, 558
2, 786, 5656
2, 7870, 1204
2, 7069, 2969
2, 504, 1052
1, 6261, 4585
3, 9019, 7720
1, 9983, 547
3, 9377, 6081
4, 7712, 5345
2, 803, 5420
2, 2839, 6624
3, 4813, 2601
4, 3008, 9385
2, 5247, 3257
1, 8029, 3331
2, 271, 7533
4, 6263, 3279
4, 3187, 5316
2, 2211, 1740
1, 2974, 1342
4, 3103, 1106
2, 7467, 2023
1, 6953, 2477
2, 4878, 3466
4, 2980, 8346
4, 8708, 1875
3, 7218, 6548
3, 9007, 9988
3, 3938, 1025
4, 6177, 4512
2, 5374, 8043
1, 359, 9327
2, 1538, 2783
4, 6733, 3885
1, 9621, 3650
3, 6412, 1237
1, 6180, 1099
1, 8574, 213
3, 8346, 248
2, 285, 9524
2, 9665, 1669
3, 888, 7280
2, 2835, 2163
1, 5357, 510
3, 6643, 7572
4, 5174, 5416
1, 4589, 5843
2, 6203, 8269
2, 3996, 2626
4, 723, 7424
4, 2600, 5956
4, 2928, 7719
3, 9323, 6195
2, 4897, 4444
3, 1178, 9893
3, 9043, 9320
2, 1607, 5563
2, 9246, 128
3, 6391, 8087
4, 1779, 2039
3, 4158, 796
2, 8984, 4189
1, 2173, 4874
4, 2765, 1660
2, 1120, 8271
2, 2765, 211
1, 4938, 7932
4, 9100, 6767
3, 5601, 8122
3, 412, 3288
4, 3085, 7524
2, 9235, 5591
4, 6910, 5609
4, 7225, 8613
1, 1256, 5679
4, 5404, 3188
3, 1217, 9866
2, 504, 4523
3, 366, 9693
2, 782, 9783
3, 3873, 2221
2, 1638, 1133
1, 5395, 8067
2, 4168, 1170
2, 6167, 1299
2, 5695, 7364
3, 5709, 681
4, 9210, 5470
3, 3685, 114
1, 5845, 1899
3, 618, 8537
4, 2732, 3170
3, 6572, 8332
4, 8279, 6847
2, 2602, 2578
1, 8011, 4272
2, 2086, 3961
3, 4424, 5092
1, 4697, 9081
3, 7147, 4147
4, 9486, 5381
4, 5496, 8212
3, 6237, 9825
1, 4955, 9556
2, 5201, 8712
4, 280, 3039
1, 253, 3697
1, 7286, 7438
3, 9571, 4576
3, 3012, 3232
4, 5530, 6576
4, 7642, 4630
3, 8542, 7761
2, 3181, 6162
2, 7921, 4786
4, 6766, 504
3, 38, 7785
4, 6205, 3223
2, 1236, 2247
1, 6189, 3955
4, 7164, 534
4, 3945, 952
3, 9339, 9720
2, 5017, 4233
1, 712, 6245
2, 6165, 1167
2, 3785, 1241
3, 8650, 6745
4, 2805, 6
4, 5438, 3277
4, 8541, 5923
1, 7585, 2319
2, 3610, 9790
1, 6484, 2747
1, 9835, 6481
3, 9125, 5876
3, 6243, 2590
1, 2841, 2882
2, 3183, 1224
4, 1953, 1479
3, 6589, 7823
3, 3809, 6682
2, 3116, 2418
4, 4922, 5463
3, 2959, 9298
1, 7163, 2324
1, 6421, 472
3, 2321, 4903
1, 7932, 3904
3, 4265, 8926
2, 8077, 3522
4, 8307, 6257
1, 4761, 9966
4, 9933, 5704
3, 5766, 2775
2, 158, 5544
2, 7606, 9359
1, 4808, 2696
2, 4943, 9064
2, 5095, 3299
1, 2513, 209
3, 2011, 8570
2, 3261, 4809
2, 62, 8939
3, 3967, 4
2, 7926, 6484
1, 1213, 7910
1, 2437, 7811
2, 5051, 2921
2, 5035, 192
4, 9221, 103
3, 4040, 7384
4, 2562, 8892
1, 5441, 3223
3, 8942, 542
1, 5180, 8466
2, 9815, 9396
1, 4577, 2499
3, 2323, 8098
2, 1766, 6715
4, 4448, 6320
3, 2630, 5286
3, 1010, 4046
1, 2916, 384
1, 6629, 140
3, 9386, 5383
3, 3688, 8050
2, 6382, 5683
1, 1262, 7996
4, 8460, 91
4, 6112, 4752
4, 1173, 3442
1, 3516, 318
3, 6825, 6552
4, 6664, 1209
3, 6296, 9190
3, 7913, 6311
1, 4273, 305
4, 3053, 6048
1, 2906, 4114
4, 2700, 5437
1, 8254, 2333
4, 4713, 6865
1, 730, 9470
1, 1291, 9769
3, 6564, 8927
1, 4683, 166
1, 4357, 6356
4, 7278, 4838
3, 3499, 3495
1, 5685, 7791
1, 3881, 3961
4, 3808, 6756
1, 2479, 9825
1, 1747, 4895
2, 7742, 4392
4, 11, 7048
1, 8870, 8920
1, 4258, 7756
3, 2477, 6819
4, 360, 5674
4, 7945, 9975
2, 7425, 9669
2, 9881, 9203
1, 3054, 9143
1, 815, 9735
2, 2012, 3700
3, 4534, 3141
2, 6126, 916
3, 5557, 3983
3, 9475, 6906
4, 2688, 7199
4, 8386, 6302
3, 302, 2946
3, 4514, 727
2, 5972, 50
2, 2758, 2838
1, 7797, 1759
1, 6036, 3459
1, 8441, 1772
1, 267, 9678
2, 6777, 8171
4, 8971, 4237
3, 67, 8732
3, 3220, 4795
1, 802, 5588
3, 2665, 9296
3, 8682, 8709
4, 793, 5574
3, 2670, 6218
3, 4774, 4764
1, 8433, 6468
2, 1963, 1939
3, 8653, 7491
3, 3855, 4650
1, 439, 3834
3, 4058, 1123
1, 6172, 1647
2, 2646, 7739
4, 1081, 1446
3, 9597, 4175
1, 8707, 9575
4, 8534, 8994
4, 5274, 4290
1, 3062, 6159
4, 4720, 3248
2, 6851, 1125
3, 712, 4583
2, 3651, 9737
4, 1681, 1252
3, 3202, 3565
4, 5707, 4322
4, 5692, 1563
4, 8082, 4740
3, 821, 3476
3, 4913, 5638
2, 910, 4904
1, 1738, 584
3, 3528, 9816
4, 1599, 1530
3, 5692, 6918
1, 316, 279
4, 161, 2826
1, 8368, 2433
3, 5768, 4556
2, 8528, 327
3, 7863, 2059
3, 7526, 9883
4, 6302, 9687
3, 5757, 2861
1, 774, 6558
2, 6465, 4315
1, 3355, 6997
1, 6799, 4022
2, 9694, 8436
4, 8327, 2355
3, 7097, 2863
3, 5164, 7139
1, 8640, 9950
3, 9994, 1287
3, 8271, 2550
3, 6046, 8262
1, 6744, 3009
1, 4366, 7155
2, 3648, 2607
4, 7146, 297
4, 4368, 7533
1, 7532, 9841
1, 4429, 9691
3, 6718, 4565
2, 8348, 9237
3, 3999, 3300
3, 3061, 8955
2, 5293, 7647
1, 6441, 9313
4, 432, 3620
2, 5188, 3920
2, 1053, 6220
2, 823, 3633
4, 1589, 4529
1, 2386, 9924
3, 5540, 8436
2, 5668, 5798
2, 3389, 4088
2, 799, 8473
2, 6283, 3092
1, 9014, 3855
2, 1324, 1708
3, 2055, 820
2, 2370, 6870
1, 4287, 832
1, 5265, 1274
1, 1077, 1603
4, 2628, 9547
2, 104, 6356
3, 5569, 659
1, 5278, 9142
1, 1272, 8273
4, 3998, 9240
2, 7037, 3394
3, 6159, 8406
3, 7698, 7329
2, 1046, 2056
2, 8017, 8200
2, 2118, 9056
2, 4915, 6449
4, 9675, 9621
1, 8943, 7067
3, 8768, 1744
3, 430, 8622
4, 7392, 631
4, 2229, 201
2, 5643, 6041
2, 8404, 5774
2, 3674, 8890
4, 5445, 3726
2, 4301, 8446
3, 7917, 5931
4, 1153, 1200
2, 3051, 9416
1, 1587, 7355
3, 6582, 2568
3, 7133, 5544
3, 7884, 6823
3, 2891, 6486
4, 1335, 2012
2, 5138, 7667
3, 4935, 5609
4, 5009, 8590
3, 6217, 4766
2, 5577, 3645
1, 2391, 9564
4, 6341, 7443
1, 9123, 305
2, 6628, 4875
1, 5466, 9345
1, 4577, 7837
2, 8721, 1320
4, 9000, 1125
3, 5881, 5814
4, 3747, 9662
2, 562, 4380
2, 3724, 4354
4, 2638, 6234
2, 2791, 5745
3, 8329, 5470
3, 2380, 1748
2, 2436, 4188
4, 8121, 6169
3, 8397, 3614
3, 7371, 8868
1, 9933, 7291
4, 1758, 4563
4, 4129, 6841
3, 94, 4448
3, 7884, 6547
1, 791, 9959
4, 6841, 4177
3, 304, 2107
3, 4373, 4487
4, 4803, 3145
3, 4369, 9220
4, 7048, 140
4, 4780, 8989
2, 4571, 2823
2, 2488, 3227
2, 2899, 5790
3, 4987, 2240
1, 9850, 3678
3, 318, 296
2, 5947, 3878
2, 1028, 8777
3, 5026, 8896
1, 7882, 374
1, 8832, 4871
1, 21, 6883
2, 8721, 2394
1, 6239, 8934
4, 7619, 1110
4, 108, 3771
1, 7464, 101
2, 2935, 7203
4, 248, 689
4, 7203, 1026
4, 8147, 7959
3, 6892, 1155
4, 9497, 7467
3, 9842, 2851
1, 3603, 4365
2, 8487, 8980
3, 6447, 2468
2, 3067, 1102
2, 4545, 2177
3, 9485, 1198
1, 5110, 366
2, 1245, 3760
2, 4529, 3098
4, 9982, 4204
2, 9052, 4337
4, 6720, 7243
2, 5132, 1415
3, 9431, 6349
3, 1487, 1152
4, 4222, 3593
3, 8904, 7704
3, 285, 7446
4, 1283, 5694
2, 3063, 5568
1, 2844, 8656
4, 4512, 4883
4, 6700, 5418
2, 2852, 8964
2, 2134, 679
1, 7866, 4659
2, 3843, 1785
4, 9850, 9479
3, 4945, 637
4, 9781, 5832
4, 4264, 454
1, 7471, 5780
2, 7237, 3343
2, 2090, 9446
1, 8277, 4691
1, 6039, 4923
2, 2555, 1258
4, 4210, 4009
4, 7146, 5175
1, 6037, 8014
4, 7902, 9337
4, 8089, 6660
4, 5895, 1778
2, 4625, 2363
3, 3034, 7183
3, 6148, 4135
1, 1953, 1191
2, 9991, 2184
2, 6063, 2169
2, 7826, 4908
4, 4915, 3389
1, 3588, 3347
3, 2020, 4183
1, 1307, 7051
4, 5075, 7389
4, 3900, 4190
3, 4253, 7559
4, 9101, 6198
2, 9909, 6753
4, 5198, 9879
1, 8582, 8115
4, 9798, 1361
3, 7349, 9370
4, 379, 5225
3, 1522, 7383
4, 5392, 2170
2, 3412, 77
1, 1243, 5070
1, 72, 1702
1, 3485, 8682
4, 9760, 4779
1, 7554, 4415
4, 9320, 8057
4, 5955, 3891
2, 6893, 5060
3, 4443, 8008
1, 6970, 7748
1, 4673, 513
4, 1818, 769
4, 8733, 9516
1, 5022, 6305
3, 1183, 4487
2, 930, 1429
1, 2138, 1555
2, 5766, 9030
2, 6516, 3532
2, 9444, 2335
1, 431, 3306
1, 841, 7071
2, 3387, 3928
4, 2994, 2963
1, 2262, 1060
1, 4174, 5212
3, 9125, 8957
1, 6093, 2577
2, 1424, 7813
3, 7739, 6634
2, 9558, 2980
1, 8430, 8888
4, 8166, 6154
4, 5187, 6225
1, 9285, 9274
1, 3875, 1014
1, 1146, 4944
1, 1353, 9772
1, 703, 2588
1, 5903, 9879
4, 5612, 6573
3, 679, 356
4, 9635, 3766
1, 9414, 706
3, 6896, 7698
1, 8049, 3717
3, 1371, 9785
3, 2844, 4778
1, 1031, 3544
1, 7366, 5947
2, 4107, 4065
3, 7809, 5717
2, 5804, 1729
2, 3867, 6157
1, 9610, 7225
1, 5198, 4523
1, 426, 9762
3, 8890, 4031
4, 35, 5072
1, 6992, 4515
4, 1719, 3072
4, 3736, 8297
4, 4195, 1730
2, 3044, 8871
1, 9947, 7348
2, 4492, 7706
4, 9505, 3674
4, 1963, 7404
4, 3394, 4871
2, 6260, 6947
4, 5457, 2464
2, 6534, 1407
3, 8428, 4363
2, 3713, 9583
1, 3959, 7971
2, 764, 7277
3, 7516, 8560
4, 345, 9381
3, 3156, 4935
4, 8693, 986
3, 3418, 7766
2, 2078, 6423
4, 4608, 2905
4, 1142, 8601
3, 8746, 5041
4, 3778, 6321
1, 4866, 8722
2, 1327, 4718
1, 9228, 7948
1, 589, 1767
3, 5962, 2132
4, 9603, 37
1, 8988, 3293
4, 1937, 1484
1, 9162, 9818
1, 3190, 984
4, 6903, 8245
3, 1516, 9901
4, 1204, 4345
2, 466, 4105
2, 955, 3976
3, 6100, 1379
4, 1175, 5553
3, 6014, 1799
1, 3651, 5986
3, 1317, 2951
4, 5198, 9166
2, 8163, 2939
3, 5016, 5887
4, 5337, 6557
3, 2875, 9704
2, 9806, 278
4, 9085, 9074
1, 6431, 8559
1, 6098, 436
1, 9055, 1973
4, 2635, 9142
4, 5169, 7491
3, 1432, 5046
3, 1946, 2619
2, 1280, 4359
2, 3503, 3037
2, 9716, 800
1, 1541, 1583
4, 5955, 3027
2, 5046, 9535
4, 6197, 2032
1, 9896, 6702
3, 1540, 8030
1, 6993, 4316
2, 3866, 2946
3, 3697, 1760
2, 3957, 5589
1, 7540, 9568
4, 7085, 5105
4, 8381, 5432
3, 6208, 4098
4, 7281, 8270
1, 526, 7257
3, 3938, 4282
1, 213, 3253
3, 71, 4473
2, 7418, 3974
3, 2437, 2774
3, 502, 3595
2, 1276, 3491
2, 4243, 5144
2, 3590, 914
2, 5748, 246
3, 8302, 1158
4, 7083, 1386
1, 5680, 726
4, 4875, 6939
4, 6012, 9536
4, 7878, 2144
3, 3776, 7610
1, 3000, 1007
3, 9883, 9899
3, 7340, 3105
1, 3529, 7845
3, 4262, 7807
3, 3818, 7496
3, 9904, 4730
4, 3631, 2484
4, 6451, 2831
2, 8570, 8170
1, 3108, 8871
2, 4914, 7134
2, 5272, 6291
3, 1885, 6981
2, 3763, 7914
2, 5156, 5371
2, 2100, 8271
1, 6987, 1928
4, 2854, 7068
4, 9350, 3996
3, 563, 8749
3, 8936, 5992
2, 9624, 8199
3, 4873, 4252
4, 4346, 9560
3, 9579, 717
1, 6694, 6795
1, 1647, 1192
1, 6045, 6145
3, 6679, 9084
3, 1373, 9436
2, 740, 3701
3, 358, 5054
1, 6944, 9960
1, 7173, 7289
1, 7958, 7032
3, 8450, 2536
3, 7485, 5314
2, 8887, 8135
4, 6129, 415
3, 6700, 121
3, 4556, 6514
2, 7670, 394
2, 7081, 8610
2, 5595, 7684
3, 9558, 3145
4, 4462, 7877
3, 161, 2428
4, 347, 7142
3, 3443, 9469
3, 1010, 7538
3, 8387, 8217
4, 622, 5572
3, 6017, 7175
1, 3089, 7020
3, 6818, 4696
2, 4737, 4952
4, 9354, 1683
3, 5567, 9599
1, 4451, 4303
2, 6565, 5902
3, 7589, 1119
4, 6991, 7594
2, 6933, 9196
1, 7788, 2125
1, 4060, 9179
3, 9035, 3653
1, 3945, 3900
3, 422, 9041
1, 6514, 6287
3, 4200, 1624
1, 3383, 4609
1, 1770, 3359
3, 4100, 2399
4, 6477, 790
2, 9408, 6965
3, 6514, 9902
3, 5997, 5804
2, 7019, 6308
3, 2637, 3083
2, 2155, 3047
2, 9557, 3725
3, 3822, 7627
2, 9494, 2432
3, 7818, 1935
4, 2816, 9623
2, 9070, 2476
2, 4955, 181
1, 9027, 9925
2, 8126, 5917
1, 8412, 2235
1, 1352, 870
2, 1768, 2002
2, 4944, 646
3, 7729, 6607
1, 6564, 4302
2, 7195, 7753
1, 4103, 9628
1, 9715, 4882
4, 4138, 2002
2, 6717, 4289
2, 5737, 5725
3, 443, 5985
1, 7006, 8275
1, 9979, 3979
4, 797, 1886
3, 7686, 3961
4, 5215, 3046
4, 5344, 3683
3, 6429, 8632
3, 2807, 6564
1, 5997, 1328
2, 6925, 8300
1, 4715, 9449
4, 6103, 2715
3, 2443, 8018
1, 2533, 4662
4, 780, 6246
3, 5617, 8676
1, 7018, 92
4, 5995, 4228
4, 3735, 3278
1, 8707, 5296
3, 9572, 2833
1, 9758, 1651
2, 829, 2057
2, 1110, 3765
3, 3538, 6207
4, 5409, 1076
1, 8195, 5859
3, 7267, 2937
3, 7662, 3387
1, 8741, 1662
1, 2291, 7099
1, 6879, 6592
2, 5636, 2474
3, 8999, 6071
3, 1022, 1611
2, 1327, 7083
2, 9788, 8697
4, 9044, 5577
2, 5477, 1488
4, 1492, 9393
1, 1941, 5949
2, 7456, 1382
4, 6842, 6405
3, 1791, 7538
3, 5064, 3863
1, 7604, 8854
1, 6850, 3986
2, 2961, 7112
1, 6082, 622
4, 4983, 1402
4, 2182, 7338
2, 7359, 2445
4, 7002, 5564
3, 605, 3178
4, 1839, 4286
2, 2170, 2305
2, 7010, 3057
2, 3964, 8586
2, 820, 3055
2, 3701, 5584
1, 6900, 2910
4, 3032, 5380
3, 9661, 5997
3, 8465, 5396
4, 5565, 6734
2, 1601, 3631
1, 561, 4517
1, 7038, 886
2, 6571, 6143
2, 9771, 8402
3, 100, 7741
4, 9051, 9060
4, 9231, 5172
4, 5388, 777
2, 3747, 4007
3, 3983, 7187
2, 4761, 515
2, 3830, 4519
1, 8950, 1066
1, 9136, 609
2, 4398, 6835
1, 6853, 2780
3, 2258, 8124
1, 6175, 8521
3, 1700, 2885
4, 5448, 2356
3, 7048, 6218
3, 1820, 980
2, 8838, 9110
1, 2085, 9370
1, 3015, 683
4, 3489, 903
4, 9259, 6914
3, 432, 7477
2, 1881, 3548
3, 7484, 4988
3, 1656, 7816
3, 8112, 9082
1, 3656, 8342
3, 9655, 2477
1, 193, 8330
4, 461, 1143
2, 536, 9201
4, 3352, 2763
1, 2972, 5942
1, 216, 1056
2, 3057, 8672
3, 4829, 9446
2, 7412, 3886
3, 6689, 6597
1, 2554, 6078
4, 9326, 8992
4, 2246, 795
2, 5381, 7314
3, 8091, 4729
2, 3890, 4005
4, 6522, 7789
2, 5684, 3276
2, 1411, 2023
2, 8675, 395
3, 9632, 39
3, 4642, 5193
2, 3296, 5035
1, 5105, 9420
2, 3443, 9635
1, 814, 2770
4, 2859, 9656
2, 3946, 8161
2, 5770, 6201
4, 2433, 5978
1, 4993, 855
1, 7127, 9809
1, 1441, 2322
3, 4739, 7378
3, 9654, 445
4, 1199, 9995
3, 1847, 4120
1, 1123, 4391
2, 9086, 8707
3, 5949, 796
4, 9018, 9116
3, 6885, 604
4, 4961, 9478
1, 1308, 200
2, 4029, 1065
4, 584, 5189
3, 5732, 1780
4, 2431, 5599
3, 8368, 3933
2, 9058, 5401
2, 3134, 5153
1, 9988, 2401
1, 5354, 9947
3, 1826, 490
1, 4681, 3575
2, 9501, 9906
4, 3091, 107
1, 2711, 4195
3, 1078, 2262
4, 4868, 8797
1, 4581, 9261
4, 2513, 8906
1, 6475, 4890
3, 4690, 4389
4, 6690, 4038
3, 2417, 4179
3, 2319, 96
1, 7744, 7301
1, 7543, 2696
4, 5320, 2748
3, 2408, 3943
1, 647, 310
3, 740, 557
2, 8509, 8122
4, 5459, 604
2, 5671, 4959
2, 3155, 1110
2, 4653, 8931
4, 2414, 3042
4, 9735, 1212
1, 5044, 5589
4, 7007, 4983
4, 9110, 1940
2, 9243, 4530
2, 4465, 6720
1, 6399, 2260
2, 9726, 7289
4, 4419, 5429
2, 3231, 9092
4, 1332, 4702
2, 5314, 2089
1, 1890, 4715
3, 4968, 8540
2, 8010, 3162
4, 4999, 2956
1, 4882, 6440
1, 6805, 7760
2, 8017, 7052
3, 165, 9746
4, 463, 7973
3, 257, 8275
4, 1448, 7006
4, 2853, 3676
2, 4629, 878
1, 944, 2248
3, 8213, 1174
3, 7406, 1736
1, 4711, 564
3, 5539, 1153
3, 6215, 7743
3, 993, 7917
3, 1611, 2934
1, 9237, 3426
3, 9452, 3065
4, 5338, 1945
1, 9880, 5620
2, 7539, 4348
3, 6766, 1925
1, 5428, 1230
3, 79, 858
1, 9260, 6843
1, 2594, 5971
1, 7610, 1878
3, 2886, 4855
2, 8284, 3148
4, 490, 8779
4, 9131, 7235
2, 7569, 7336
4, 5336, 2826
4, 8617, 74
2, 8949, 4274
4, 1036, 9875
2, 3838, 104
2, 8846, 8210
3, 8634, 9684
2, 1506, 6133
1, 9890, 9163
2, 5104, 7196
1, 7986, 9820
4, 9373, 1895
1, 5999, 8085
3, 5317, 8656
3, 5986, 1509
1, 3547, 7987
1, 3824, 6073
2, 1351, 6871
2, 1647, 8455
4, 6390, 1276
1, 4924, 6004
2, 6885, 5688
3, 4708, 7489
3, 7794, 8299
4, 6709, 3745
2, 3725, 9974
2, 4592, 5124
3, 7723, 8441
2, 2956, 1161
2, 960, 6844
2, 7301, 2262
1, 8844, 9713
3, 3505, 4866
1, 6957, 9120
1, 9911, 8698
4, 5598, 5926
3, 2155, 4313
2, 4195, 9278
4, 7686, 9584
1, 4364, 3309
1, 9953, 297
4, 2286, 7294
4, 8245, 3511
4, 8663, 5546
4, 5156, 3724
4, 5310, 8643
4, 8195, 689
3, 8006, 7605
2, 594, 2744
3, 4735, 9164
2, 6520, 1767
1, 5302, 9110
4, 2146, 6842
3, 2741, 5878
2, 1489, 4035
2, 5254, 9401
1, 330, 2253
4, 5450, 1854
2, 543, 6805
4, 2036, 5925
1, 3132, 7222
1, 7400, 8815
1, 4390, 2854
4, 7663, 4330
2, 7458, 6930
1, 4957, 3949
3, 3307, 2451
1, 3228, 6868
1, 5559, 6933
3, 3664, 3013
3, 8536, 4989
1, 6047, 6344
4, 2576, 6517
4, 6991, 4369
1, 3266, 385
1, 1461, 3414
3, 6378, 3002
4, 2158, 3224
4, 5370, 9729
1, 8065, 5196
1, 2300, 7477
4, 4663, 5333
3, 9347, 7214
3, 9342, 8815
1, 7865, 6796
4, 8154, 6442
3, 346, 8377
2, 5422, 2189
4, 3233, 3269
2, 8653, 6181
3, 8603, 9232
1, 2204, 8960
1, 3921, 43
1, 2612, 4709
2, 2277, 6190
4, 9361, 7141
3, 8409, 8087
3, 5638, 4154
2, 7619, 7683
2, 7182, 4261
2, 1920, 4610
1, 6826, 8482
1, 9405, 1190
3, 630, 7772
1, 851, 4877
4, 358, 1565
3, 5651, 9089
3, 2043, 2093
2, 189, 7374
2, 9880, 409
4, 8998, 5276
3, 1252, 4990
4, 2657, 1239
1, 9610, 3451
2, 8905, 2169
1, 9877, 4453
2, 1073, 4964
2, 5749, 6021
4, 5237, 3558
4, 2743, 6151
4, 6888, 2029
4, 9720, 8070
3, 2959, 9990
4, 991, 5204
4, 7792, 6175
3, 9875, 7059
2, 9116, 8658
3, 5359, 7133
3, 4109, 6897
1, 4320, 6408
3, 6350, 6091
2, 8071, 982
3, 5624, 7012
1, 1812, 7128
3, 1556, 4113
2, 843, 1994
1, 5486, 4606
1, 1459, 7796
3, 8783, 8974
4, 9378, 5027
3, 9608, 3569
2, 4549, 9646
3, 8950, 7409
2, 6424, 2333
4, 5235, 1793
3, 3475, 2274
4, 2076, 4502
4, 2774, 7072
1, 373, 8444
3, 4560, 1804
1, 9091, 5271
2, 42, 3355
2, 3918, 6013
3, 6831, 7952
4, 9756, 7030
1, 1610, 8863
1, 3898, 275
4, 2995, 2093
1, 7280, 4783
4, 2526, 5599
3, 2369, 8681
3, 7511, 7038
4, 9848, 2862
1, 1081, 4269
3, 2185, 2261
2, 6321, 9391
4, 2681, 2272
2, 5390, 9267
2, 2457, 6252
2, 2432, 877
4, 4187, 1664
4, 6723, 919
1, 4240, 6853
4, 9318, 5752
1, 3693, 3112
4, 6044, 9513
3, 499, 9588
3, 621, 4603
4, 9962, 7985
1, 9670, 4145
2, 7168, 4679
3, 8779, 5449
3, 9827, 2832
2, 257, 7943
2, 3233, 8557
2, 4738, 461
4, 7508, 5776
3, 6221, 145
2, 2515, 408
3, 9666, 8507
1, 2624, 1079
3, 9984, 5630
1, 1029, 9912
3, 4790, 41
3, 6576, 432
1, 7823, 510
3, 3132, 6448
2, 9969, 3684
3, 349, 8501
4, 1972, 5225
3, 1415, 8924
4, 2392, 4946
1, 3666, 6161
2, 4290, 9242
2, 9628, 5269
3, 3323, 3127
1, 6720, 8060
3, 3072, 7616
1, 2302, 2051
4, 6056, 6859
1, 9070, 3065
2, 3864, 6257
3, 2811, 4478
4, 3470, 715
1, 9032, 7409
4, 3746, 9362
1, 1533, 9094
1, 1602, 5569
3, 3531, 9636
1, 6577, 2462
4, 2030, 3634
1, 5522, 9558
1, 2570, 7072
1, 4930, 8489
2, 2035, 4468
1, 1990, 2912
4, 5151, 8287
3, 1217, 305
4, 4644, 8025
2, 909, 5650
1, 7956, 9513
3, 1605, 4128
1, 9856, 1251
4, 9921, 2362
3, 5650, 7532
2, 5988, 1988
2, 7453, 1946
3, 6807, 9249
3, 3472, 6036
2, 6262, 4285
1, 3963, 3743
2, 5329, 6247
4, 6187, 9308
2, 4261, 1397
3, 4151, 4052
3, 8722, 9898
4, 3160, 8345
1, 9960, 5185
4, 1809, 3569
4, 7888, 8032
4, 6392, 7180
3, 383, 6822
4, 800, 9149
4, 1393, 2938
3, 2520, 3451
1, 5421, 6131
2, 4971, 8747
4, 5295, 6208
1, 698, 3150
4, 9423, 8055
4, 7316, 9587
3, 8982, 6221
2, 6074, 5386
4, 5757, 4068
1, 6147, 494
1, 6066, 9272
4, 1052, 6232
1, 4172, 6636
2, 6261, 4348
3, 6536, 4894
3, 4597, 829
4, 2809, 2271
4, 3593, 5593
4, 6234, 7374
1, 8456, 9494
1, 9385, 4975
3, 1318, 101
2, 648, 7820
4, 8416, 9143
4, 221, 5670
1, 8843, 6574
3, 1705, 1806
4, 3248, 9041
4, 3723, 5328
1, 8115, 7707
4, 4732, 1334
1, 92, 495
1, 5834, 8867
4, 8006, 1573
2, 7698, 1272
4, 9487, 4346
1, 2740, 5418
1, 2144, 6349
1, 4804, 6152
4, 9276, 2389
4, 2756, 7146
1, 7872, 6358
2, 9381, 7912
2, 906, 5006
1, 2110, 4981
3, 4128, 9918
1, 8248, 5229
3, 722, 9723
2, 5358, 6972
3, 1412, 3964
2, 7010, 873
4, 606, 5775
2, 3428, 214
1, 1791, 9613
1, 5975, 4005
2, 8906, 1550
2, 4557, 2818
3, 1103, 32
2, 7580, 1402
2, 5401, 5423
2, 3593, 5068
3, 459, 5978
2, 5312, 4656
2, 5780, 9102
3, 735, 5762
1, 3638, 827
1, 2254, 7586
3, 5656, 6585
3, 4176, 9098
1, 2163, 4778
4, 3279, 7604
1, 2670, 5333
3, 1194, 3750
4, 6887, 7018
3, 3508, 5336
3, 286, 7717
1, 9335, 3672
3, 5448, 9181
4, 3266, 9155
2, 2852, 7828
3, 7359, 5704
3, 6279, 9755
2, 3438, 4185
1, 1482, 5722
3, 3723, 4926
4, 6063, 1269
1, 7123, 5451
1, 5134, 3814
4, 1062, 1174
3, 3331, 4959
3, 4171, 3596
4, 3220, 278
3, 4214, 3337
3, 9774, 9821
1, 6085, 873
4, 3932, 8590
1, 5723, 4646
2, 1274, 3118
1, 1792, 8084
2, 7304, 5805
2, 5576, 4561
4, 9541, 2086
1, 4489, 1449
3, 5925, 8484
4, 4925, 7401
3, 6428, 6767
3, 9154, 769
4, 8312, 8232
4, 2971, 2459
1, 9888, 4656
3, 1429, 6330
3, 7633, 2225
3, 9460, 5037
1, 1729, 9194
3, 7493, 2747
3, 362, 7331
3, 7160, 2368
2, 2126, 1651
2, 4787, 7440
4, 7484, 8605
2, 2498, 1098
4, 8348, 8785
4, 4526, 4852
1, 1292, 4790
1, 5096, 608
1, 3290, 5796
1, 4666, 9392
3, 1455, 4714
3, 7285, 4633
2, 3654, 3502
1, 6114, 5036
4, 8961, 172
3, 104, 6976
3, 9013, 7408
4, 6523, 3221
4, 6733, 8080
3, 6160, 5934
4, 4280, 2181
1, 4584, 6370
2, 3976, 2909
4, 257, 307
3, 6265, 4094
1, 2419, 6654
1, 1589, 2063
1, 3896, 9461
1, 4373, 2308
1, 5806, 9480
4, 2496, 4689
2, 1078, 3862
2, 1119, 8838
2, 9688, 458
3, 74, 3418
3, 9089, 8637
2, 5552, 8938
4, 4006, 2547
3, 2617, 3640
4, 3572, 8102
1, 5659, 4779
2, 5044, 9788
1, 3025, 2668
4, 7598, 9750
1, 1302, 8689
2, 6937, 7301
1, 2004, 227
2, 828, 7718
3, 6249, 250
2, 6355, 579
1, 2429, 1465
2, 2062, 1242
4, 9449, 2730
4, 7125, 1710
4, 8298, 2367
1, 7566, 9471
4, 3005, 3586
4, 3938, 5455
1, 9686, 6014
1, 2658, 7161
3, 6798, 6719
3, 6889, 1539
1, 5650, 6495
3, 4492, 1322
4, 6530, 4004
1, 5171, 356
1, 3401, 7104
1, 7913, 6466
4, 9349, 6382
2, 6923, 2365
2, 855, 3949
2, 3977, 1791
2, 3688, 4993
3, 2557, 9690
3, 1201, 9350
1, 7126, 6131
2, 1922, 5416
1, 6852, 8324
2, 265, 9207
3, 9420, 8507
3, 3380, 7967
1, 5985, 6008
4, 8410, 5150
1, 3613, 8190
3, 4275, 2720
4, 5218, 806
1, 2642, 6134
4, 4398, 5278
1, 9691, 8492
4, 3070, 9557
4, 1414, 2657
3, 1356, 559
1, 6614, 827
3, 856, 7501
3, 3847, 1665
4, 558, 4371
1, 2670, 6345
4, 2676, 5621
1, 4485, 1370
2, 5018, 7031
4, 7678, 905
3, 5510, 6036
4, 5068, 2105
3, 4578, 2859
1, 192, 6733
4, 7550, 8354
1, 8531, 3748
4, 8407, 9759
3, 6981, 434
2, 9205, 5297
3, 6008, 9857
4, 4079, 4373
2, 3813, 9979
2, 2189, 3588
4, 2045, 9714
3, 8414, 3051
2, 4198, 4365
4, 8618, 1272
3, 1442, 5512
3, 1347, 1140
1, 5467, 8169
4, 6536, 3661
4, 3912, 9797
3, 4141, 328
4, 3023, 7192
2, 3247, 5893
4, 6962, 3950
2, 8816, 7287
3, 3548, 3558
3, 470, 2743
1, 1226, 7137
4, 4478, 6249
3, 2583, 8041
2, 6520, 8901
2, 6184, 4442
1, 1182, 7279
2, 1799, 5957
1, 1465, 9766
2, 550, 8446
1, 1632, 742
3, 6503, 7565
1, 9248, 3971
2, 8655, 2860
3, 2718, 3715
1, 271, 7831
4, 4509, 1617
4, 6074, 452
4, 2498, 3533
4, 2028, 1385
4, 4361, 6775
2, 6305, 913
1, 3766, 4142
1, 3671, 4556
4, 8929, 1924
1, 4369, 3195
2, 8168, 600
4, 2177, 5130
4, 1754, 1345
1, 1482, 2877
1, 3841, 6029
3, 8773, 7723
3, 1028, 7144
1, 8413, 4570
3, 3422, 575
3, 548, 6944
4, 7470, 7995
1, 5583, 1541
4, 2043, 1960
4, 5053, 5708
1, 4625, 8052
3, 4272, 3110
1, 9721, 1280
1, 1477, 8244
4, 8522, 2459
4, 2518, 1692
1, 7558, 9153
2, 1238, 3118
3, 4533, 2991
1, 9609, 7454
1, 3962, 2818
3, 895, 8001
4, 6049, 6567
2, 8743, 5970
2, 5792, 6296
1, 4153, 3028
3, 3881, 4348
2, 3123, 5766
4, 7070, 7784
1, 2260, 1461
4, 8930, 2063
2, 8235, 3142
1, 9016, 7076
4, 9941, 8119
3, 399, 4263
1, 5687, 822
1, 5178, 276
3, 3268, 6865
3, 7034, 310
4, 8427, 3176
4, 4951, 1542
4, 7359, 8999
2, 3872, 4090
3, 2268, 858
2, 6680, 1437
3, 5391, 5738
4, 1310, 1184
1, 7733, 7912
1, 5602, 9777
3, 8743, 9465
3, 4030, 8395
4, 677, 4740
1, 9733, 1860
3, 6119, 7229
2, 6694, 2176
2, 7767, 6016
2, 7646, 2457
1, 1611, 2666
3, 3169, 4715
4, 8008, 2440
2, 6187, 9209
4, 8182, 1375
2, 532, 6092
2, 4534, 4828
3, 1966, 1132
2, 7648, 5414
2, 295, 4479
1, 8727, 5161
4, 8789, 8031
2, 6830, 5562
2, 5177, 2013
1, 239, 4515
4, 1792, 8777
2, 7905, 1097
1, 2253, 9336
4, 2730, 9796
3, 908, 9731
1, 9339, 649
4, 4360, 2084
3, 645, 4834
3, 2077, 217
4, 748, 1989
3, 4376, 1465
4, 782, 5724
3, 3785, 5594
2, 6865, 2166
4, 2097, 2520
4, 9221, 755
3, 8772, 9364
1, 1702, 6188
2, 9844, 6503
2, 4994, 2000
4, 145, 9294
1, 9057, 6094
2, 4567, 3480
1, 8163, 9395
1, 1177, 1372
3, 1040, 28
4, 9628, 3
3, 1332, 99
3, 3102, 7707
3, 9989, 2353
4, 5109, 4853
2, 8491, 9193
3, 5273, 4143
1, 2806, 2205
1, 7461, 7111
1, 502, 3266
4, 2701, 3039
1, 9302, 8332
3, 149, 943
3, 2124, 6834
2, 3367, 1270
2, 6864, 6539
1, 1409, 2434
2, 4494, 7771
3, 3025, 4713
2, 2706, 8099
4, 6182, 5046
2, 7734, 5682
1, 8268, 6066
3, 908, 4389
2, 8568, 7255
1, 5012, 7380
2, 7934, 9082
3, 1632, 1521
2, 565, 640
3, 233, 4072
1, 9048, 4169
3, 3020, 1103
1, 3190, 6973
4, 9058, 3247
2, 9998, 7091
1, 8383, 4235
3, 867, 2372
1, 4201, 2178
4, 5934, 1539
2, 7130, 7209
4, 7740, 7312
4, 2601, 1628
2, 5077, 5913
2, 6913, 1510
3, 1474, 3032
3, 3159, 5199
3, 1744, 7875
1, 696, 4899
4, 4673, 936
4, 4848, 6630
2, 5132, 7129
2, 3418, 2562
4, 8503, 1292
1, 6813, 5065
4, 1718, 6140
2, 739, 616
2, 564, 7126
3, 6610, 3897
2, 2325, 9557
4, 1616, 8859
4, 7356, 3598
2, 2508, 8714
2, 9416, 4740
3, 4675, 8961
3, 8436, 1055
3, 799, 5988
1, 6419, 3769
2, 127, 8627
4, 76, 6533
1, 9250, 6324
4, 8875, 5964
4, 9393, 9794
1, 1303, 4964
2, 1538, 9628
4, 2466, 6753
3, 7278, 2354
1, 3488, 2691
2, 2500, 9172
1, 8863, 1614
2, 1414, 4785
3, 1430, 7337
2, 5252, 4742
2, 1805, 4040
2, 3732, 8912
2, 2439, 6752
4, 3137, 9197
4, 2896, 5976
1, 1790, 3446
3, 8263, 7359
3, 5235, 3894
1, 1801, 7354
2, 1654, 4215
1, 3809, 1429
3, 3682, 4239
1, 2521, 7088
4, 4775, 694
1, 1099, 2250
2, 2953, 661
2, 2341, 6817
2, 4871, 5681
2, 7505, 8846
4, 4281, 3931
4, 7822, 9968
2, 1329, 9104
3, 8300, 6457
1, 8792, 5399
3, 2626, 5690
3, 6151, 2244
4, 2168, 6079
4, 5151, 7564
4, 941, 2621
2, 981, 1491
4, 4193, 9343
3, 5025, 7871
1, 3757, 1941
3, 7213, 3836
1, 4474, 5805
4, 726, 7529
1, 3550, 8029
2, 9918, 3828
4, 7604, 2971
3, 4370, 9404
4, 1941, 3083
1, 5494, 3198
1, 961, 9230
4, 1848, 8265
2, 4589, 7564
4, 3980, 6283
1, 7578, 343
1, 4687, 8627
4, 6845, 2404
1, 5059, 5540
1, 631, 5595
2, 9230, 4909
4, 6905, 1802
3, 5245, 3737
1, 2730, 9512
4, 9269, 2065
1, 7577, 1090
3, 1504, 5017
4, 4230, 1867
3, 8281, 6939
4, 5689, 71
3, 7627, 1536
1, 5039, 3774
1, 6975, 4417
1, 6988, 5843
4, 2476, 7888
1, 9380, 8454
4, 5156, 8179
1, 213, 5028
1, 6562, 4331
1, 5414, 2106
4, 4182, 1377
2, 3584, 8572
3, 3625, 7218
2, 6586, 2082
3, 8298, 9610
1, 7081, 6690
3, 3765, 6613
4, 7449, 682
1, 8807, 4938
2, 2864, 5900
2, 2514, 3086
1, 5470, 5933
1, 8441, 6697
3, 9423, 5109
4, 3325, 5587
2, 9422, 4223
2, 1403, 120
4, 5294, 565
4, 5860, 6593
2, 1134, 2237
3, 6829, 3588
2, 2216, 7706
3, 5450, 1606
3, 8000, 66
4, 7694, 5749
2, 4770, 2988
1, 1538, 9449
4, 6199, 7434
1, 6038, 8241
1, 5948, 1144
2, 100, 4545
1, 5081, 9665
2, 3122, 3235
1, 8720, 263
1, 8852, 4837
4, 9001, 9474
2, 4993, 4708
3, 3244, 4454
1, 6131, 1535
1, 802, 940
1, 878, 6379
1, 4658, 1093
1, 2647, 1846
4, 6891, 5999
1, 416, 7024
3, 3734, 6310
2, 5755, 5131
1, 7904, 1083
1, 3009, 7338
4, 2856, 3141
2, 6408, 3160
4, 9392, 1723
4, 378, 3662
4, 3909, 7582
3, 67, 7548
1, 2063, 7625
2, 654, 3203
4, 9795, 2167
4, 8455, 7564
1, 5163, 261
1, 971, 6642
3, 3804, 9377
1, 7644, 2344
2, 7723, 5288
3, 2640, 722
3, 398, 6499
2, 6043, 2742
2, 119, 3904
4, 7294, 5388
3, 8673, 1155
1, 6858, 9243
2, 5335, 2651
3, 7978, 214
3, 3353, 1457
2, 7271, 9235
4, 855, 1730
2, 481, 9119
1, 3648, 9475
4, 6665, 1433
4, 7046, 7132
3, 8079, 8378
3, 3074, 4832
3, 1981, 6786
2, 9852, 1464
4, 8157, 7397
4, 7918, 4502
2, 2598, 1447
3, 2472, 5925
4, 1723, 270
1, 6333, 9935
1, 7989, 4274
3, 8638, 4002
3, 5018, 6544
1, 7107, 4955
4, 5313, 3966
1, 5874, 2753
3, 1665, 9475
1, 681, 4334
1, 5675, 3901
1, 1207, 3747
1, 7897, 6239
4, 9829, 6505
1, 1677, 9711
4, 1843, 7213
2, 7351, 5994
3, 9294, 2843
2, 9002, 7955
3, 2614, 8563
1, 6507, 8427
4, 9575, 7155
1, 1618, 5739
4, 7220, 6196
1, 9718, 773
2, 8772, 7764
4, 2044, 5494
4, 8622, 2305
2, 7702, 2667
3, 3676, 1400
4, 864, 7845
4, 2708, 6856
1, 5698, 9068
3, 8333, 9463
2, 3973, 2900
3, 4942, 5061
2, 8352, 6755
2, 6742, 5970
4, 2755, 205
1, 7372, 2780
3, 2658, 2301
2, 8019, 3262
2, 6226, 8124
1, 9808, 5107
4, 9769, 5849
1, 917, 169
4, 9546, 7040
3, 8761, 1896
3, 3643, 7295
3, 3428, 6598
4, 1896, 6642
1, 9302, 6102
3, 9751, 7939
4, 1661, 3164
2, 7400, 3047
3, 85, 2737
2, 5303, 6700
1, 8849, 3427
3, 7182, 9091
1, 864, 3671
3, 1784, 711
3, 6716, 858
2, 202, 89
2, 9024, 3407
1, 3705, 6739
2, 1426, 7305
1, 6148, 3286
2, 76, 4451
1, 2326, 6085
2, 4625, 149
1, 805, 6991
4, 7662, 8130
4, 4158, 161
3, 8726, 9508
4, 2196, 8202
3, 3926, 1419
4, 1105, 4091
3, 7649, 7919
4, 4759, 1409
2, 7324, 7566
4, 3174, 3090
4, 9552, 2459
2, 3812, 8711
3, 521, 7921
1, 9269, 6478
4, 6808, 8844
3, 5160, 3958
4, 9234, 3001
3, 6215, 1277
1, 564, 7133
4, 3851, 5914
4, 7744, 6278
3, 4697, 6843
1, 2443, 8545
1, 3755, 8566
2, 6049, 7527
1, 5198, 4783
1, 4768, 1120
2, 8926, 8555
4, 1226, 5362
2, 6303, 599
2, 6300, 511
4, 2314, 2285
2, 7486, 9801
3, 3743, 6888
1, 6969, 518
3, 3293, 8033
3, 4699, 9517
2, 3337, 3923
3, 7224, 697
1, 8111, 5163
2, 1186, 1688
3, 6139, 7947
1, 3567, 4922
4, 816, 7125
1, 3044, 8955
4, 6984, 9876
4, 8228, 8285
1, 3139, 7713
3, 274, 3050
3, 6158, 4479
4, 7478, 1183
3, 2355, 9486
3, 2096, 87
3, 83, 8596
1, 2769, 2706
3, 8226, 4990
2, 5356, 8562
2, 4373, 9120
4, 9738, 3624
1, 4155, 2979
3, 9505, 5930
3, 1285, 9831
4, 2646, 6084
2, 6627, 1684
2, 8427, 6821
3, 7501, 8577
1, 7539, 1572
4, 214, 8616
3, 7428, 2602
1, 1946, 7891
2, 5490, 1150
3, 2000, 9343
2, 4693, 6103
1, 4682, 6510
3, 1881, 8476
2, 8950, 490
2, 5381, 2710
2, 4870, 7916
3, 5647, 6529
4, 8226, 6522
4, 113, 7552
1, 1709, 7133
4, 6233, 4925
3, 4488, 6597
3, 9602, 2065
2, 8638, 4288
2, 9162, 1773
3, 7421, 3646
3, 2179, 4446
1, 844, 9509
1, 5770, 3024
2, 5833, 124
4, 3070, 921
2, 6623, 7777
1, 731, 3354
1, 343, 2837
1, 2927, 5679
2, 1131, 8467
1, 7531, 8820
1, 9930, 9884
3, 7087, 8054
3, 9879, 8195
4, 9685, 7084
4, 8192, 2195
1, 3221, 1482
1, 3036, 3842
2, 9912, 2820
4, 7879, 3709
4, 6287, 3419
4, 89, 7676
4, 3154, 1341
4, 1207, 914
2, 5046, 9292
3, 3951, 7194
4, 3433, 5188
3, 46, 7825
3, 3918, 4287
4, 2238, 3760
2, 7351, 8446
4, 8339, 9921
3, 5371, 8046
1, 9620, 3180
2, 4988, 3861
4, 4781, 6224
4, 7036, 6101
1, 9690, 7378
1, 5521, 9843
4, 5640, 7562
1, 1880, 2258
1, 9456, 2379
1, 2033, 6498
2, 2919, 9749
3, 8900, 7792
1, 5137, 935
4, 5479, 4157
4, 2405, 5701
3, 9404, 7907
2, 2530, 2417
1, 4821, 9992
3, 9887, 8695
2, 1977, 1813
4, 1404, 5395
4, 3601, 4076
4, 9743, 9552
4, 5881, 7359
2, 2610, 2541
1, 7196, 6219
4, 7516, 5446
3, 9848, 7670
4, 937, 7026
4, 5482, 3231
4, 8771, 800
3, 8295, 2273
4, 5299, 6022
1, 7165, 4441
4, 6432, 5347
3, 123, 9786
2, 4938, 2102
4, 5449, 3539
4, 3094, 3943
2, 6526, 9284
4, 3516, 9396
1, 5276, 5265
3, 4617, 9267
4, 7447, 7919
3, 456, 5594
1, 9648, 757
2, 4424, 1496
1, 495, 4923
3, 1162, 9255
1, 3584, 1078
2, 7451, 413
3, 1997, 5100
2, 2163, 1249
4, 2959, 5026
1, 4318, 3481
3, 4474, 9614
4, 4882, 5723
1, 8575, 1619
3, 6423, 3074
4, 7146, 9200
1, 3027, 5808
1, 7384, 3343
1, 4886, 5417
3, 9034, 5754
4, 6557, 3689
4, 2850, 9494
1, 316, 674
1, 4188, 3714
1, 1266, 4612
4, 2413, 4414
3, 9465, 5467
1, 9031, 5471
4, 9752, 5754
3, 3265, 1583
3, 2493, 8549
3, 7913, 5937
3, 9830, 4528
4, 6226, 5848
2, 6874, 851
1, 7322, 3117
4, 6034, 9063
1, 3212, 145
4, 8370, 7491
4, 8130, 7210
1, 3684, 6368
1, 8718, 7769
4, 9749, 8643
3, 1899, 9367
4, 2644, 2462
3, 8955, 2739
4, 8126, 2202
3, 6122, 5384
3, 2079, 5181
4, 6891, 8954
2, 6695, 2082
3, 6185, 4486
2, 8143, 7214
2, 2424, 7132
2, 6309, 4429
1, 3706, 8003
3, 7362, 4173
2, 8997, 6847
3, 5739, 217
1, 3178, 8264
2, 8941, 8904
2, 8213, 5298
1, 9703, 2049
2, 9281, 6375
2, 4137, 3440
1, 8593, 9590
3, 8571, 8448
4, 5545, 117
1, 7316, 868
2, 1361, 646
4, 3299, 8016
4, 5795, 9498
4, 9885, 5698
4, 6380, 5077
3, 4314, 5586
4, 5573, 6671
2, 521, 6197
2, 6759, 550
4, 2939, 7819
2, 5998, 3851
4, 8987, 5037
1, 3256, 3726
2, 8157, 6908
4, 1982, 8133
1, 3600, 4933
4, 5673, 3884
3, 9810, 2569
3, 1830, 9149
4, 5418, 8365
2, 2771, 28
2, 7278, 5058
2, 8633, 7608
4, 6955, 4772
1, 9112, 1576
4, 7328, 2328
4, 7393, 7551
1, 4243, 6885
3, 6051, 3919
1, 2742, 2898
2, 1288, 7237
4, 4039, 7469
4, 3052, 8525
4, 8063, 2337
3, 9202, 7497
4, 2996, 5427
4, 1818, 185
4, 1921, 1696
2, 8478, 6932
1, 6363, 2375
2, 8964, 7044
2, 2355, 1252
1, 8321, 712
1, 6915, 9501
1, 5073, 9374
1, 2527, 4939
4, 4650, 80
1, 4243, 1031
4, 9846, 7531
3, 3556, 9711
3, 7078, 5549
4, 9501, 3774
2, 1654, 3480
4, 4404, 6943
4, 5736, 7340
1, 6101, 7699
1, 7382, 1294
1, 5471, 6336
3, 1704, 1597
3, 9237, 6919
3, 3636, 8296
2, 6183, 3873
2, 9948, 1257
2, 7573, 3327
3, 1534, 4803
2, 6423, 691
3, 7816, 9270
3, 5732, 9336
1, 7426, 1447
1, 9035, 8328
1, 2483, 339
3, 6254, 2888
1, 2618, 8812
4, 2680, 1577
4, 291, 2307
1, 6595, 5084
3, 6074, 815
4, 4203, 5397
1, 8161, 3098
4, 1942, 6210
2, 9297, 323
2, 2150, 4772
1, 6312, 9800
4, 9016, 4599
1, 9952, 1862
1, 6545, 7571
4, 1306, 4943
1, 1455, 9397
4, 7601, 7752
2, 4592, 9818
3, 5524, 4820
4, 4351, 2028
4, 3104, 3727
4, 4659, 928
3, 1568, 951
1, 8012, 2131
4, 9697, 5583
2, 8259, 4946
2, 1018, 4110
1, 6676, 11
3, 4591, 8072
2, 5173, 2801
2, 3255, 3276
1, 3151, 8573
1, 1006, 496
3, 7081, 8627
3, 3062, 4574
3, 6887, 349
4, 692, 1575
1, 8326, 6859
3, 2028, 6517
4, 9698, 8373
3, 3348, 6403
4, 3745, 3166
3, 2248, 4171
2, 8083, 6151
2, 6559, 5359
1, 232, 6924
3, 5268, 4709
2, 5935, 7151
3, 4717, 1792
1, 5303, 8629
3, 7374, 9265
2, 3618, 8314
3, 3248, 5096
1, 4505, 2963
1, 9437, 4544
4, 8407, 913
1, 370, 2815
4, 6482, 6073
2, 9295, 6810
3, 5571, 9248
1, 7617, 1014
1, 1959, 1816
2, 2990, 5214
4, 1632, 9726
2, 1772, 692
1, 1493, 4366
3, 6812, 2570
3, 5696, 6087
2, 8514, 2817
4, 2969, 4321
4, 1526, 5966
4, 5808, 8351
1, 8892, 6555
1, 5473, 5519
2, 1471, 7083
2, 8075, 4991
2, 8462, 193
1, 7500, 7095
1, 3748, 1648
2, 4800, 5572
3, 11, 2663
1, 9158, 9390
3, 596, 5748
2, 3455, 9730
1, 195, 3243
3, 1849, 729
2, 7484, 1396
2, 6261, 970
2, 6452, 5138
4, 2504, 1141
1, 7279, 3348
1, 9051, 8256
2, 586, 4378
3, 7628, 2433
1, 7436, 1811
3, 7626, 2758
1, 7740, 3695
1, 3509, 2212
3, 6720, 6310
1, 3028, 7460
3, 7491, 5128
4, 5212, 984
2, 6817, 9154
4, 5268, 7761
4, 5995, 1541
4, 6181, 5334
3, 768, 3655
4, 611, 2240
3, 1722, 3894
2, 9143, 8052
4, 4942, 2764
3, 6526, 7707
4, 94, 7892
2, 4207, 8102
2, 4546, 3135
2, 5777, 406
2, 2329, 5128
2, 8019, 1766
3, 1735, 3369
2, 2162, 746
3, 281, 4125
2, 2606, 8198
3, 3408, 1560
1, 3379, 3179
1, 4838, 1706
4, 1985, 7362
3, 9382, 1784
3, 1427, 6206
4, 4248, 639
3, 3452, 4576
1, 5349, 9218
4, 2817, 4421
2, 9143, 9266
1, 6033, 4689
1, 586, 9176
1, 2667, 6500
3, 2683, 5544
3, 833, 353
1, 8221, 2401
4, 8882, 828
4, 6562, 7364
2, 3990, 1655
3, 4449, 1386
1, 2607, 1928
3, 2943, 4874
3, 7888, 1652
1, 1709, 1334
3, 9002, 7726
4, 9471, 4660
3, 9949, 2794
2, 7898, 6455
1, 9844, 7965
2, 3104, 1218
3, 8131, 4546
2, 1256, 7406
1, 420, 1078
2, 4690, 4875
1, 2486, 7365
4, 5438, 889
2, 9723, 1233
4, 4195, 8144
4, 9049, 9116
3, 9261, 3420
1, 4772, 2432
4, 9044, 5857
3, 6036, 2955
2, 6219, 4942
3, 2459, 4055
1, 6063, 7234
3, 1975, 2639
2, 3201, 5819
2, 5766, 4113
2, 3929, 7792
3, 9065, 4175
2, 5725, 394
4, 9830, 6026
3, 2010, 1188
2, 9283, 6789
1, 9884, 1436
3, 8058, 53
1, 565, 2509
3, 2985, 8185
4, 5118, 9634
1, 1767, 5488
3, 7581, 8372
2, 3513, 4151
1, 2574, 9542
3, 7107, 8616
1, 3277, 8320
4, 7327, 9537
1, 5370, 632
4, 5977, 1197
1, 3166, 5973
4, 2104, 2472
3, 6909, 7108
4, 2155, 7130
2, 7409, 7266
1, 6454, 9568
3, 801, 2230
2, 3192, 1573
3, 3933, 5822
3, 88, 3165
2, 7805, 8006
1, 665, 3041
4, 8250, 6913
3, 3313, 6841
4, 9149, 9463
2, 9306, 9143
4, 4819, 2774
2, 5866, 5625
1, 9791, 4248
1, 4582, 631
1, 1892, 353
3, 2226, 1303
4, 7079, 7445
4, 2341, 2292
2, 4697, 704
4, 3826, 3705
3, 8828, 8561
4, 6138, 5247
4, 6669, 2026
1, 8595, 7973
3, 8496, 8659
4, 7222, 5137
3, 233, 4249
2, 2376, 2323
4, 4484, 7815
4, 6240, 7815
2, 6743, 6078
1, 3257, 8064
4, 8547, 9533
3, 2004, 7834
2, 6934, 3975
1, 9172, 5787
3, 1092, 951
4, 6355, 6392
3, 5773, 727
3, 2847, 6003
3, 1610, 5949
1, 3526, 6434
2, 1007, 9424
3, 846, 3876
1, 3253, 6505
3, 9009, 3887
3, 2870, 2929
4, 9863, 5836
3, 1955, 25
4, 8874, 5568
1, 5193, 8459
4, 84, 9411
2, 6931, 9867
3, 8674, 3981
4, 2117, 351
4, 9927, 643
2, 5307, 5724
2, 3637, 9872
3, 6184, 6646
2, 2429, 7549
1, 9500, 2256
3, 893, 1246
1, 8727, 5610
1, 8248, 691
4, 6129, 485
1, 2937, 6035
2, 3667, 1211
2, 2566, 8060
4, 6302, 611
4, 415, 8952
1, 960, 4310
1, 6554, 5325
1, 5376, 2390
4, 9215, 9922
4, 8049, 9053
1, 4534, 8585
2, 3754, 6023
1, 5080, 6147
1, 3594, 3826
4, 4046, 7882
4, 1444, 6745
3, 9815, 5374
4, 5814, 3055
4, 4444, 5853
2, 7129, 1584
1, 5787, 9166
3, 7073, 3538
1, 5776, 5587
3, 4597, 3746
2, 5539, 6956
2, 3829, 3881
2, 9072, 5290
2, 5862, 3529
3, 4396, 3968
2, 62, 102
3, 9044, 5907
3, 8995, 7011
1, 7348, 7673
2, 6409, 2084
1, 3036, 6677
3, 5412, 5678
1, 3446, 8040
2, 2458, 5794
3, 9679, 377
2, 8808, 8165
3, 9442, 3349
2, 2603, 5577
4, 4823, 7931
1, 2191, 3964
2, 6190, 7621
2, 6065, 8028
4, 4379, 6598
3, 5488, 1924
1, 4917, 2034
1, 9734, 2395
3, 7318, 1482
4, 3260, 633
1, 5832, 772
3, 1578, 1697
4, 8363, 702
2, 9081, 3901
1, 2364, 550
3, 9331, 359
1, 4117, 8461
2, 9478, 9192
1, 8051, 4275
2, 4205, 9000
2, 2848, 97
2, 8855, 1935
3, 771, 3745
1, 8325, 2791
3, 8642, 1444
2, 4551, 9568
1, 8147, 3503
1, 6617, 7606
3, 6637, 5571
1, 6670, 3010
1, 956, 1634
3, 7440, 5098
2, 9515, 213
4, 5849, 7448
1, 3263, 1962
2, 7317, 7622
3, 2555, 8088
3, 1082, 7361
4, 3030, 8200
2, 5024, 9831
2, 3401, 1192
4, 6225, 9938
4, 9552, 5655
2, 9756, 1934
3, 1976, 6947
4, 236, 680
1, 9901, 4220
2, 346, 1511
3, 8692, 3663
4, 3650, 2277
1, 1436, 5594
3, 6007, 7469
1, 3159, 2607
3, 7419, 4140
4, 6176, 6881
1, 1310, 7231
1, 3238, 4359
1, 9033, 7943
1, 5567, 3266
1, 3724, 4629
4, 5752, 5221
4, 3870, 7012
2, 5218, 5217
4, 8824, 7078
2, 4587, 9486
4, 819, 8908
3, 4245, 228
2, 2140, 6216
1, 7877, 6772
4, 9001, 2139
1, 8903, 2734
1, 1455, 9697
3, 7164, 7811
2, 3774, 5373
4, 5248, 8422
4, 4177, 489
1, 7351, 2698
3, 8267, 4865
1, 5145, 7676
4, 4304, 8872
4, 5386, 7494
1, 3065, 9411
2, 7675, 5203
4, 5051, 4525
1, 6847, 4672
2, 6182, 1688
3, 6186, 710
2, 8824, 4256
4, 1263, 2051
3, 6930, 805
1, 9412, 567
3, 5844, 6490
3, 361, 4737
3, 6229, 1509
4, 927, 6294
4, 9396, 4115
4, 5087, 4543
4, 3219, 6399
2, 1099, 1713
2, 3573, 7797
4, 2234, 6948
3, 9839, 8882
2, 1070, 3822
3, 9837, 9791
1, 5606, 7433
1, 8680, 4246
3, 70, 9713
2, 7709, 78
3, 1562, 7488
2, 8779, 4476
2, 962, 8375
4, 7060, 9754
3, 4882, 8949
4, 7159, 4759
1, 899, 324
4, 5143, 5669
3, 3475, 2774
3, 9690, 2161
1, 9726, 2090
1, 8769, 3728
3, 7719, 6006
2, 4038, 8183
2, 8088, 4032
2, 1062, 4386
3, 5835, 7370
1, 6133, 6662
1, 8179, 1474
3, 4933, 3557
3, 313, 2787
4, 3189, 6277
1, 900, 2134
4, 1155, 4490
3, 7508, 9426
4, 3266, 931
1, 308, 9165
2, 8152, 878
4, 4315, 3039
2, 5772, 5614
2, 2840, 8030
1, 4819, 4270
4, 9397, 702
4, 5630, 9627
1, 119, 7704
2, 4825, 2469
1, 8048, 7336
2, 7750, 1758
3, 145, 2498
2, 3177, 8826
4, 4144, 7307
2, 4555, 3278
1, 9477, 5279
2, 4065, 1929
3, 5691, 7524
4, 9194, 8654
4, 1455, 7009
2, 507, 8155
2, 9159, 118
4, 6899, 6479
2, 7194, 6576
4, 7147, 9181
3, 6608, 3509
4, 8210, 4350
1, 6044, 4728
1, 6690, 1593
4, 2295, 8466
2, 1292, 3050
1, 1605, 249
1, 948, 9210
1, 8727, 1889
4, 6050, 6087
3, 9795, 8051
1, 7650, 5849
4, 1030, 740
2, 9823, 1808
4, 1643, 8385
2, 9032, 3893
3, 8173, 5235
1, 450, 8986
1, 7583, 8171
2, 177, 4855
2, 3428, 8061
2, 9514, 286
1, 6364, 5689
2, 1004, 602
2, 1539, 2911
2, 5141, 1513
4, 922, 4873
3, 8666, 3642
3, 4699, 847
3, 1558, 2321
2, 8642, 701
1, 7687, 2094
1, 3711, 4174
4, 772, 6520
2, 3058, 7907
1, 501, 6751
1, 8030, 4700
1, 9817, 4155
1, 887, 5221
1, 1753, 9841
2, 6096, 8901
2, 9027, 8147
3, 1177, 6632
4, 3299, 2324
1, 1980, 6846
4, 6329, 284
3, 5938, 7000
1, 2833, 3602
3, 217, 958
1, 2840, 5421
4, 1901, 6368
2, 8730, 1144
4, 1925, 6657
4, 1708, 5148
3, 5269, 7004
4, 1201, 4763
1, 2460, 4428
3, 9944, 180
4, 2206, 3740
1, 7194, 3830
3, 4403, 4176
4, 3719, 8893
1, 1830, 2248
3, 2682, 4525
3, 4282, 8197
1, 9629, 9595
3, 1345, 8210
1, 2945, 5254
3, 3859, 2436
4, 3227, 8284
1, 3340, 2003
4, 5084, 5631
3, 7121, 3710
3, 7800, 1514
1, 9795, 6293
3, 1241, 3874
2, 7166, 229
3, 6412, 5085
3, 8506, 293
1, 1577, 4974
4, 5706, 6216
3, 9427, 906
1, 7861, 7445
2, 75, 4868
1, 598, 6723
3, 6347, 8136
4, 9724, 9526
1, 4430, 1230
3, 788, 8874
2, 2180, 9020
3, 1273, 5049
2, 5277, 1205
2, 8047, 9031
1, 3685, 7553
4, 5056, 8475
3, 6159, 9815
2, 1274, 2682
4, 2536, 6620
3, 8183, 2979
3, 34, 3271
3, 1668, 3793
3, 795, 6767
3, 8599, 805
1, 5051, 4887
2, 6824, 7534
2, 1923, 9494
1, 8108, 1794
3, 5037, 6850
3, 3477, 9492
2, 8209, 1162
3, 1934, 1764
1, 6064, 208
1, 7409, 2106
1, 8883, 7640
1, 5498, 9715
1, 5530, 797
1, 4771, 7352
1, 5200, 8673
1, 6446, 8840
1, 2278, 8276
4, 5071, 8758
3, 1717, 106
3, 1293, 7943
2, 4536, 6027
2, 3187, 3104
1, 8397, 8769
4, 2434, 5081
2, 6178, 3398
4, 4717, 1740
4, 5439, 3201
3, 6076, 588
1, 5834, 4711
2, 8747, 4362
2, 5270, 6083
1, 3573, 530
2, 8582, 9904
4, 2707, 8232
2, 5993, 2658
2, 8474, 7851
1, 5527, 4048
4, 7214, 4918
3, 9530, 3628
4, 1311, 83
3, 3970, 5864
2, 8936, 7343
3, 8952, 2366
1, 7069, 7760
3, 8521, 2108
2, 4378, 5263
2, 5412, 817
3, 1449, 8858
4, 2674, 3188
3, 8226, 5814
2, 2620, 6692
3, 5744, 2168
3, 2083, 7084
1, 5779, 1509
4, 2883, 3406
3, 8265, 4744
3, 8855, 3173
3, 7831, 2051
4, 2288, 8501
2, 3498, 2519
1, 1269, 4420
2, 4106, 8852
2, 133, 2916
4, 17, 213
1, 2412, 5268
1, 1167, 5424
2, 1811, 8211
2, 4952, 3380
2, 9376, 9473
4, 5111, 8652
4, 9203, 6168
1, 1008, 1220
4, 9348, 7891
4, 7428, 9675
4, 360, 5494
3, 6718, 7167
2, 3218, 4442
4, 2130, 9567
1, 4311, 8234
1, 5583, 750
2, 8442, 9707
4, 2994, 1264
4, 287, 5788
2, 5311, 7496
1, 1791, 3478
1, 4023, 5028
1, 5319, 6875
1, 6141, 9706
1, 5304, 6871
4, 9758, 1156
4, 5862, 5667
4, 2473, 6720
4, 8467, 7056
4, 6034, 4382
4, 4539, 1800
4, 5404, 3216
2, 1594, 8619
3, 8608, 3179
2, 399, 8779
4, 2365, 3933
4, 1381, 9485
2, 2132, 2779
2, 4584, 6048
3, 9003, 9884
2, 1276, 5792
2, 4100, 8196
2, 2290, 5
3, 5007, 4
4, 2581, 2037
2, 2073, 92
1, 7327, 9246
2, 9528, 7704
4, 8436, 168
4, 8015, 939
1, 6305, 6425
3, 5789, 4113
3, 677, 175
2, 7588, 59
3, 8762, 9986
4, 4367, 2372
1, 3, 4776
4, 8286, 838
3, 162, 8537
1, 5799, 9260
3, 5970, 544
2, 3985, 3335
4, 7259, 9042
1, 5626, 8889
1, 7744, 1292
2, 9820, 7199
4, 4038, 6890
4, 9365, 5608
2, 8575, 2711
4, 1548, 8325
1, 6410, 2848
1, 5190, 4565
3, 3723, 1003
1, 889, 2655
2, 8035, 2979
2, 4582, 6129
2, 8251, 4258
3, 5199, 5542
3, 9776, 245
3, 4045, 816
3, 9258, 1308
3, 6625, 2131
3, 8, 243
2, 8969, 6222
2, 6094, 3215
4, 4999, 8569
4, 4839, 90
1, 6694, 545
1, 9019, 3299
1, 8332, 6022
4, 7391, 3001
2, 9081, 7242
3, 3858, 7543
2, 4516, 7142
4, 5950, 1196
1, 8665, 2394
2, 2072, 1836
1, 7876, 1779
4, 1491, 2311
2, 7561, 2396
1, 9035, 2569
3, 7596, 267
1, 8988, 32
3, 3219, 173
3, 9093, 1768
4, 2822, 4841
1, 634, 8215
1, 1372, 9459
3, 973, 1270
4, 3253, 2025
4, 9328, 9723
2, 1478, 8586
2, 4879, 8632
1, 1246, 1770
4, 9157, 1823
4, 1136, 8546
1, 7926, 8773
2, 4728, 5996
1, 6554, 4509
4, 1955, 9956
1, 2157, 613
4, 8286, 2190
1, 9153, 2209
3, 3265, 3023
3, 4790, 668
4, 5239, 2508
4, 7865, 1411
4, 8019, 4975
1, 1817, 4422
1, 4433, 5092
3, 4128, 3949
1, 6923, 2622
2, 4184, 371
1, 5328, 4560
2, 3516, 2088
2, 8674, 6311
3, 830, 7156
4, 9628, 8262
4, 4265, 945
3, 3161, 4892
4, 5808, 6708
4, 9856, 1741
3, 3262, 6353
3, 8364, 6871
1, 8993, 5105
4, 60, 7401
1, 5319, 4177
1, 5810, 4293
2, 6494, 3010
2, 8307, 7308
3, 522, 7815
1, 2885, 6785
4, 1082, 4430
1, 4203, 1481
1, 1716, 2842
1, 3090, 6233
3, 3377, 1975
3, 5380, 4211
2, 6104, 4931
2, 3784, 6611
2, 6510, 1047
2, 1479, 3381
4, 3592, 9077
1, 5958, 277
4, 9791, 3698
1, 1530, 9634
3, 9358, 797
2, 3212, 6051
3, 7645, 8980
3, 7091, 5425
1, 279, 4951
3, 6035, 7182
4, 3769, 151
3, 3343, 4550
4, 3992, 8059
1, 8415, 2127
3, 9417, 1931
2, 5822, 3338
1, 8801, 8392
2, 7234, 2361
1, 9922, 2891
1, 2524, 7303
4, 1734, 7313
2, 3929, 7617
4, 2025, 416
4, 5541, 5737
4, 5276, 270
4, 4748, 5019
4, 7651, 9679
4, 4371, 1792
4, 3422, 4408
2, 9694, 7885
1, 9116, 8430
3, 5097, 3943
1, 4145, 3890
1, 9194, 2623
3, 307, 9520
2, 8754, 6862
3, 7005, 3724
1, 8058, 1769
4, 3845, 6264
4, 583, 496
1, 7586, 4139
4, 4851, 5406
3, 6728, 5748
4, 1029, 8698
1, 5585, 3386
4, 4691, 4909
4, 3197, 8665
2, 9455, 1303
1, 7637, 3700
4, 4526, 3812
1, 4224, 5251
1, 4595, 9704
4, 9982, 9605
4, 7416, 8302
2, 7338, 2229
2, 7423, 6892
4, 1344, 508
3, 3330, 9762
2, 4018, 8573
2, 2984, 3190
2, 3605, 1374
3, 3667, 1331
3, 3107, 8377
2, 8094, 4593
2, 3891, 4185
4, 9124, 8067
1, 9156, 4766
3, 1028, 1203
2, 7440, 1481
2, 7543, 5962
4, 5195, 2416
3, 4770, 7524
1, 8211, 7165
1, 2542, 4397
3, 6678, 412
4, 9092, 8345
4, 2103, 7673
1, 5315, 1225
1, 1284, 7506
1, 6342, 7423
1, 4795, 3137
3, 7158, 5481
2, 1218, 3185
1, 6035, 7180
3, 2420, 4858
2, 9047, 3080
3, 4146, 1623
3, 2634, 9024
2, 8739, 7036
3, 836, 6749
3, 8380, 7598
3, 1849, 3632
2, 990, 2064
3, 9148, 3782
3, 2542, 4581
4, 9729, 5363
2, 4251, 5405
2, 8970, 3571
1, 8234, 2299
1, 6716, 2689
4, 7884, 4842
4, 9022, 5415
3, 9984, 3170
4, 9731, 7019
4, 1548, 1126
3, 8894, 5405
3, 8744, 7409
3, 3251, 5199
3, 4273, 4494
4, 2220, 3375
4, 9512, 6206
4, 8663, 6912
3, 6697, 1871
2, 8455, 315
2, 3384, 7669
2, 8329, 4590
2, 6488, 8936
2, 5087, 3970
3, 3246, 8412
3, 7070, 9383
4, 501, 1556
2, 1623, 2719
3, 7994, 7291
1, 5975, 6029
2, 862, 5962
1, 2378, 6892
4, 9296, 4804
1, 2808, 4319
4, 529, 7848
3, 2911, 8978
2, 1576, 2332
1, 2190, 282
3, 1725, 5560
4, 2295, 6603
2, 2980, 9943
2, 6061, 7579
1, 168, 785
3, 5697, 38
2, 2758, 1976
3, 2311, 6226
1, 4103, 3685
1, 1665, 2115
1, 1807, 4
4, 2784, 7750
3, 6114, 7089
1, 9772, 5327
2, 9712, 9548
2, 7028, 7857
3, 4690, 6934
2, 4589, 7909
4, 4700, 1503
2, 8830, 918
4, 2792, 3074
2, 3063, 135
4, 9744, 6267
3, 3486, 5478
1, 4284, 8945
1, 5829, 3991
1, 2565, 8679
3, 117, 6764
3, 5563, 9731
3, 6040, 4657
4, 8308, 8826
4, 3824, 2890
2, 9101, 3737
1, 436, 5367
2, 2907, 5406
3, 866, 8504
1, 8003, 3728
4, 4163, 3909
3, 4756, 2774
3, 8200, 4485
4, 4089, 2405
2, 8825, 2852
4, 601, 2587
4, 5132, 6836
1, 3945, 8401
3, 5528, 5370
3, 3975, 2971
2, 5675, 5823
4, 2764, 1375
2, 2086, 8450
1, 589, 3119
4, 7766, 9483
1, 1449, 1488
2, 4867, 1418
3, 7010, 2922
2, 9003, 6430
4, 8333, 1894
3, 2625, 9056
4, 4888, 1450
4, 5727, 9104
4, 4364, 5727
3, 6291, 9483
2, 4170, 718
4, 3130, 7422
3, 1463, 2418
2, 6839, 3463
3, 1372, 6979
4, 9819, 8020
1, 3399, 9798
3, 6237, 2250
3, 6780, 1870
4, 6733, 1027
1, 2429, 3712
4, 6186, 5983
3, 2386, 6845
1, 999, 629
3, 8491, 6833
4, 6790, 5020
4, 5540, 1565
2, 7413, 5303
4, 5971, 4668
3, 1374, 9301
4, 2926, 3303
4, 9667, 4633
4, 8581, 4511
4, 8389, 3157
4, 7265, 1707
1, 4246, 5108
3, 5918, 6586
3, 4708, 482
3, 4607, 3873
2, 462, 272
2, 9690, 2447
4, 2001, 4481
1, 8412, 4794
1, 8525, 6867
3, 8193, 3717
2, 8162, 6309
2, 5367, 2457
1, 8397, 7148
3, 7642, 8572
2, 9674, 2568
1, 3140, 4168
3, 6688, 2338
3, 646, 5993
1, 1834, 9005
3, 7996, 2948
4, 5603, 5331
2, 8363, 4421
3, 2449, 6556
3, 3143, 7227
2, 1466, 9387
1, 6975, 6706
4, 3064, 6460
3, 2875, 8628
1, 61, 5226
2, 2646, 3263
4, 8141, 2435
1, 6877, 2715
4, 6650, 9589
3, 5809, 3648
1, 5491, 3350
3, 102, 7137
3, 6205, 5343
4, 4420, 9090
3, 6717, 5590
1, 512, 9175
2, 3597, 4845
3, 5397, 4664
4, 7404, 4788
2, 1894, 1537
4, 4082, 9663
3, 9438, 9891
2, 514, 816
2, 9993, 2990
1, 9675, 7537
2, 7053, 6393
4, 811, 398
1, 4133, 1095
1, 7668, 1995
1, 2435, 7807
3, 2512, 560
4, 650, 6659
1, 4237, 8416
3, 1503, 4476
2, 4914, 6048
2, 2429, 7372
2, 5434, 8310
3, 9264, 5682
2, 8067, 9804
1, 53, 8164
4, 2499, 1774
2, 3273, 1789
2, 9677, 1398
1, 798, 8310
1, 1249, 6865
2, 7197, 6384
2, 6551, 8961
3, 4920, 6899
1, 9191, 3924
4, 4486, 8407
4, 5414, 5341
1, 6658, 1810
3, 5205, 8395
2, 7832, 515
3, 8565, 1935
2, 1075, 1057
3, 3503, 6394
3, 1633, 2702
3, 3474, 8671
4, 4199, 748
2, 609, 5119
1, 5938, 6962
1, 6074, 4158
3, 4073, 1731
3, 88, 6495
3, 7418, 1066
1, 9333, 4948
2, 6416, 6785
3, 3001, 7665
3, 505, 2543
2, 6678, 1490
4, 95, 185
1, 6725, 9015
2, 3628, 470
4, 621, 452
4, 5873, 4430
1, 7753, 8807
1, 5910, 6313
1, 6966, 4443
3, 6539, 8530
1, 1856, 8586
2, 9465, 4888
4, 5512, 4711
3, 6331, 8067
3, 2286, 2737
1, 9751, 692
4, 5464, 2230
2, 2042, 8415
3, 8266, 3205
3, 6969, 6925
4, 6738, 2747
3, 3684, 6657
3, 6722, 7171
3, 8830, 9602
2, 5318, 8440
4, 2491, 123
3, 2745, 2991
4, 679, 2136
1, 8531, 7832
3, 4755, 9234
4, 4772, 6744
1, 7180, 6562
3, 7106, 8638
2, 2444, 441
4, 9648, 1363
2, 7072, 236
3, 9773, 558
4, 6231, 5295
1, 3781, 7993
4, 6434, 114
4, 487, 2861
1, 7659, 9170
4, 1832, 863
4, 3292, 5639
3, 2258, 6187
4, 1882, 5505
1, 9502, 5626
2, 8317, 4349
2, 36, 7135
4, 9689, 8508
3, 3084, 6936
1, 6378, 2567
4, 1235, 4218
1, 5965, 8605
2, 4616, 6549
1, 8831, 8154
4, 6924, 2061
2, 6504, 4593
3, 5017, 159
3, 2931, 2871
4, 255, 1486
2, 3774, 1289
2, 253, 4071
2, 5125, 8533
3, 3208, 7662
3, 2598, 747
4, 915, 9828
4, 7236, 3862
3, 1433, 103
3, 7512, 5104
3, 1548, 525
2, 231, 8079
3, 2665, 8939
2, 1819, 804
3, 649, 2780
2, 6010, 759
3, 715, 3296
4, 5035, 1831
4, 6979, 2906
4, 6940, 1261
1, 1741, 7700
1, 1879, 377
3, 4533, 6110
2, 7983, 2298
3, 299, 5101
3, 7079, 6738
4, 4203, 4129
3, 96, 6552
2, 8567, 7541
3, 955, 8483
3, 9128, 5512
3, 3400, 667
2, 2320, 9820
2, 434, 717
2, 9012, 4790
2, 1451, 7946
3, 6528, 6060
3, 2192, 3864
4, 7122, 5695
2, 2292, 579
4, 1989, 5297
3, 8453, 4955
1, 2488, 4069
3, 5931, 8821
1, 382, 6817
4, 222, 3107
2, 1087, 474
2, 1744, 8401
4, 1073, 9935
1, 9906, 8489
1, 433, 1241
4, 6808, 9437
2, 4857, 5260
3, 2102, 2019
2, 8539, 1335
3, 4858, 1617
4, 6644, 5805
4, 8509, 8912
1, 6390, 7765
2, 3442, 8287
2, 917, 2850
2, 146, 5527
2, 2778, 666
2, 2475, 6581
2, 4176, 795
4, 3543, 6230
1, 931, 5733
4, 8747, 5150
4, 8023, 3870
1, 737, 6100
2, 89, 6788
2, 6428, 1531
3, 227, 5824
3, 4682, 9717
4, 7528, 5138
4, 2398, 898
4, 8047, 5943
3, 3019, 4747
3, 473, 8157
4, 5780, 9734
1, 6807, 7387
2, 6078, 2335
4, 2211, 3790
4, 8509, 1210
4, 2533, 4668
4, 1178, 3017
3, 2255, 1110
3, 3251, 1462
4, 6916, 5416
4, 3142, 8853
2, 3246, 5822
3, 1796, 7956
3, 7247, 638
3, 6264, 220
2, 7898, 7615
1, 7767, 4680
1, 6265, 7592
2, 3558, 1130
4, 7574, 5991
3, 5936, 6259
2, 2387, 836
2, 6940, 3291
4, 8110, 6584
1, 7786, 9885
2, 2423, 2842
1, 7717, 5769
2, 6408, 258
3, 9476, 6865
1, 7577, 1656
4, 401, 1141
3, 7512, 653
1, 9074, 9001
3, 7413, 6168
1, 7151, 2667
4, 344, 5413
4, 8070, 3522
4, 8496, 8250
2, 39, 195
4, 3790, 4731
3, 4032, 506
4, 8748, 1854
3, 6091, 1859
3, 6118, 8436
1, 9932, 512
1, 4493, 2785
1, 868, 5491
3, 4057, 1603
3, 1923, 5638
3, 502, 278
1, 1858, 978
2, 8543, 476
4, 3912, 3070
3, 9595, 3704
1, 1332, 3823
4, 7713, 2140
1, 4476, 3649
1, 5639, 192
4, 8577, 2648
1, 9079, 5599
1, 8053, 8766
3, 7765, 1370
1, 6325, 8831
1, 9121, 4195
4, 1004, 4677
4, 3010, 7939
3, 3830, 7290
3, 8940, 574
3, 2904, 7770
2, 6390, 1166
3, 8550, 4590
4, 1083, 9511
2, 3204, 8408
3, 8701, 948
1, 6522, 4625
2, 9597, 6358
3, 1728, 3041
3, 2519, 5297
1, 8950, 9084
4, 2956, 7612
3, 1379, 1848
2, 6694, 5743
2, 5408, 2899
3, 8589, 3356
1, 285, 4041
4, 8531, 1145
3, 1878, 4102
3, 443, 5748
4, 8554, 9637
4, 3561, 4852
4, 2274, 5117
4, 9447, 7774
1, 801, 1628
4, 3114, 5895
2, 8772, 5055
4, 7607, 753
4, 4425, 9401
2, 5397, 2552
1, 4553, 7895
1, 5156, 6139
2, 5469, 630
4, 4067, 4185
2, 1123, 5175
1, 5424, 1661
3, 9253, 5352
4, 8121, 3807
4, 5120, 4603
4, 2303, 5365
4, 7388, 7088
1, 1900, 1891
2, 842, 6660
2, 8684, 366
3, 5644, 5618
4, 2759, 3857
1, 7479, 4412
4, 3004, 4336
3, 1056, 3944
2, 488, 302
1, 3618, 3788
3, 8304, 9687
4, 1005, 8408
2, 5271, 347
2, 4659, 1782
4, 930, 4149
2, 5083, 4433
3, 7650, 7735
2, 896, 9987
2, 5765, 1099
2, 1966, 6114
2, 6736, 5971
4, 3568, 4870
2, 3971, 7621
2, 1123, 5311
3, 3502, 1639
1, 3299, 3367
2, 8682, 5578
4, 5549, 7162
4, 1689, 7642
4, 8835, 31
2, 5570, 168
3, 2919, 6676
2, 8851, 1682
1, 923, 1247
2, 1422, 905
2, 8609, 6843
2, 127, 7174
1, 4436, 6479
2, 8195, 2082
2, 6955, 4206
1, 1747, 2111
4, 9899, 6851
2, 4846, 8783
3, 5497, 421
2, 8876, 9332
3, 1156, 2606
4, 4061, 8104
3, 9254, 6206
2, 1438, 884
4, 9085, 223
1, 188, 6600
2, 70, 857
1, 83, 9680
4, 9962, 880
2, 2893, 7005
1, 4840, 7424
1, 720, 649
1, 3599, 8614
3, 2508, 347
4, 8669, 4555
3, 1084, 9712
4, 2696, 1015
4, 6162, 9353
3, 6512, 7977
2, 6540, 2781
3, 541, 7790
3, 2219, 4049
3, 1173, 5681
3, 3443, 8749
3, 5007, 1232
4, 3204, 822
3, 8491, 6668
4, 4716, 6261
2, 1102, 5136
1, 3330, 2158
2, 596, 2873
3, 989, 1719
3, 7325, 7666
4, 9095, 6123
1, 82, 4408
3, 4217, 2814
2, 1768, 2729
2, 1197, 6665
3, 3158, 6770
3, 309, 5925
1, 6587, 7127
2, 8383, 5431
4, 4559, 8799
3, 5486, 2952
1, 8673, 5216
1, 2764, 1614
4, 8801, 1105
2, 4484, 7965
3, 9384, 2765
4, 1467, 1725
1, 5568, 3714
1, 1899, 5580
2, 5032, 2867
2, 1887, 3051
2, 6320, 6514
4, 2260, 2900
2, 228, 1485
3, 1788, 9341
4, 8469, 5760
1, 3471, 8522
4, 9384, 5862
2, 3636, 1738
1, 7264, 9242
1, 4196, 7847
3, 4955, 3562
1, 385, 2580
4, 6780, 9629
2, 6142, 4359
1, 229, 2771
1, 841, 7140
3, 752, 3081
3, 1704, 7288
1, 2679, 1142
3, 4589, 1198
4, 265, 7826
4, 7778, 6862
3, 2012, 4250
1, 5620, 700
4, 4714, 3082
1, 5755, 3283
1, 5654, 8291
2, 1323, 1474
1, 6614, 4105
2, 1692, 5836
4, 9292, 4424
2, 2974, 4498
1, 5685, 1893
3, 1600, 3850
3, 4012, 5558
2, 869, 9526
4, 5718, 1040
1, 416, 2750
1, 5482, 214
2, 6256, 6087
4, 4584, 1070
1, 4524, 9094
3, 8424, 8602
4, 9696, 4253
4, 4797, 3083
3, 5134, 9106
4, 8701, 1404
4, 8673, 9448
2, 4112, 4913
2, 4306, 6356
4, 3576, 1275
3, 982, 7792
4, 3181, 2251
3, 7163, 6813
2, 4088, 8497
2, 5861, 6178
1, 8090, 3500
4, 1364, 6151
3, 1237, 5344
3, 6422, 3965
1, 1101, 373
4, 6018, 586
4, 6414, 396
1, 4150, 1150
3, 145, 205
4, 1170, 7399
1, 4356, 8331
3, 8932, 6332
3, 6807, 4432
3, 5698, 4985
2, 7506, 8749
3, 6153, 9246
3, 9839, 952
4, 4931, 8487
4, 9898, 1932
2, 2742, 2267
4, 4711, 4409
4, 4735, 7068
1, 9469, 4819
1, 9611, 1947
1, 938, 1382
1, 4444, 342
1, 7432, 2856
1, 1876, 6482
4, 8961, 6740
1, 2800, 6185
1, 9089, 5244
3, 6831, 6501
3, 483, 2312
2, 2713, 4684
4, 3537, 7688
3, 235, 6821
4, 9850, 9468
3, 1280, 8400
3, 9661, 302
1, 2235, 3402
3, 1933, 9453
2, 8367, 9232
3, 4140, 7937
4, 1900, 6720
1, 684, 1471
3, 2323, 7852
4, 1790, 3999
3, 621, 8938
1, 4602, 6866
1, 4393, 6498
1, 5368, 980
2, 3894, 8808
2, 720, 442
1, 540, 8917
1, 328, 8791
2, 496, 3264
4, 22, 2908
4, 7736, 1699
4, 1448, 2671
4, 939, 3481
4, 6378, 9495
2, 4486, 192
3, 2458, 491
3, 885, 7583
1, 9211, 9600
1, 139, 3819
1, 146, 3071
2, 3729, 6263
3, 1485, 3852
2, 4619, 3797
1, 6234, 9174
2, 9597, 6341
2, 8659, 3172
4, 5975, 946
1, 8793, 5894
4, 5010, 3702
3, 4388, 6162
3, 6038, 1112
1, 6143, 1550
4, 3772, 1302
1, 5581, 5450
3, 3353, 7774
3, 8668, 4174
1, 1793, 5363
3, 6950, 4728
4, 3855, 2518
2, 8633, 8298
2, 9059, 2280
4, 5406, 6073
1, 8597, 6532
2, 6420, 1756
3, 7757, 5306
4, 8090, 3312
3, 7534, 7521
4, 4534, 8146
4, 330, 176
3, 814, 8694
3, 8974, 5938
2, 1301, 2977
1, 8899, 5342
3, 6909, 2361
2, 5604, 1982
4, 5070, 5718
3, 885, 9639
2, 5219, 8797
4, 8684, 2740
3, 9672, 604
3, 2596, 1490
1, 697, 9347
2, 6441, 1771
1, 4867, 992
2, 2064, 7634
1, 321, 2489
2, 261, 8974
3, 7337, 8903
3, 9403, 4934
3, 5308, 8633
3, 9759, 9177
3, 304, 2006
2, 2379, 9597
1, 4007, 3476
3, 5546, 2657
2, 2869, 4368
2, 7712, 6967
1, 7872, 8005
4, 7000, 3431
1, 8373, 7914
3, 8962, 1212
3, 4587, 8345
3, 8594, 3736
1, 7973, 3750
3, 7813, 6539
4, 2161, 6452
1, 4160, 1042
1, 9498, 3323
3, 6210, 534
2, 4241, 9905
4, 6685, 961
3, 4271, 9837
1, 8863, 3421
2, 5318, 6120
3, 6088, 3724
2, 6989, 8610
1, 6358, 7704
4, 5119, 1112
2, 3227, 6443
2, 439, 1226
1, 797, 7068
4, 3840, 1187
2, 4209, 6318
2, 8003, 4960
3, 7575, 4479
3, 5579, 5300
4, 2756, 7429
2, 3252, 9640
3, 5166, 1642
4, 3607, 1601
1, 2732, 2308
3, 9958, 6912
3, 3624, 8816
2, 8353, 2204
3, 8020, 804
2, 5331, 5806
4, 9364, 5986
2, 9791, 7914
2, 9306, 5584
3, 289, 3556
2, 3723, 8169
4, 3367, 5693
2, 7887, 5678
1, 7179, 2083
1, 3495, 2282
1, 7134, 3709
3, 8562, 4092
2, 6011, 2869
4, 1589, 1857
2, 5286, 2408
4, 6753, 6100
4, 1743, 790
3, 1472, 4239
1, 3769, 9919
3, 7150, 7958
3, 4383, 8460
1, 4265, 6839
2, 5287, 9193
2, 4360, 8494
3, 6094, 9869
2, 8747, 425
2, 9903, 9400
1, 2635, 2557
1, 6816, 1392
1, 3382, 8804
4, 5536, 5940
2, 1162, 1026
2, 7719, 6652
2, 2685, 7035
2, 2053, 6134
3, 521, 2254
1, 2867, 6500
1, 8703, 5298
2, 6024, 2165
4, 4911, 8856
2, 8505, 9691
2, 2778, 8510
2, 5221, 647
1, 640, 8298
3, 3062, 9937
3, 6839, 1668
1, 2344, 8138
4, 8513, 2956
2, 1741, 1181
2, 2192, 5332
2, 3663, 44
1, 646, 2602
2, 436, 3101
4, 106, 4785
3, 1029, 2750
3, 5064, 6307
4, 9782, 8158
4, 8964, 4030
2, 3153, 9446
1, 5961, 9392
3, 5282, 4981
3, 2809, 1006
2, 7491, 2117
3, 1776, 8965
1, 1201, 8687
2, 4377, 3385
3, 686, 3441
4, 1276, 8330
1, 6594, 2138
1, 5200, 1174
4, 242, 8189
2, 1339, 7407
2, 7426, 9604
1, 6113, 7219
2, 8230, 3777
4, 4438, 5675
1, 3138, 8450
1, 2564, 6212
1, 7577, 3227
3, 1168, 1233
2, 5273, 7867
1, 3645, 9911
1, 6276, 503
3, 3972, 2859
2, 4456, 7142
4, 1715, 5893
2, 1793, 1496
3, 7584, 3798
2, 3386, 6970
4, 6090, 1037
1, 6936, 419
3, 7828, 5815
2, 699, 8028
1, 6564, 5160
2, 5559, 9521
4, 179, 2098
4, 9872, 3940
3, 988, 8999
2, 4088, 127
1, 405, 1212
1, 1142, 4146
4, 9997, 4079
1, 7019, 5773
4, 5663, 2967
3, 2391, 5341
4, 4042, 9418
4, 4962, 6805
1, 8969, 9819
3, 6921, 4361
1, 1233, 6824
4, 4990, 8378
4, 666, 9840
4, 3071, 9203
2, 3435, 5591
4, 7982, 7877
2, 7414, 5947
2, 9, 9189
1, 8964, 14
2, 1724, 659
1, 7217, 8109
2, 6797, 8181
3, 7680, 4780
2, 8337, 8980
4, 8441, 6095
2, 7980, 5209
3, 6185, 7863
1, 9680, 6806
1, 3751, 2130
2, 7503, 2305
2, 6436, 8830
3, 7784, 915
1, 3235, 5892
4, 1954, 3422
3, 1899, 4518
1, 3896, 8053
2, 3478, 2742
3, 4239, 9384
3, 7835, 4561
1, 3967, 7480
3, 6855, 7987
1, 2838, 4610
2, 2536, 364
4, 3170, 3126
1, 9368, 7444
2, 8641, 2938
3, 6596, 4299
2, 452, 8308
1, 6513, 1077
3, 7711, 7278
3, 7924, 3235
4, 5960, 3397
4, 1047, 5131
1, 4661, 4120
3, 3451, 3118
3, 7446, 1091
3, 7177, 7506
3, 5607, 3997
1, 1583, 3833
4, 7841, 9063
2, 3240, 1801
2, 3632, 8670
2, 2814, 4691
4, 965, 8728
4, 9375, 1249
4, 8725, 3755
2, 3232, 2515
1, 3217, 827
3, 6054, 2689
1, 4288, 8465
2, 6696, 7302
3, 9572, 7282
2, 9519, 4520
2, 2511, 7732
2, 4245, 3301
2, 8842, 2669
1, 9628, 2904
3, 7612, 10
2, 6532, 2780
4, 9650, 9177
1, 5359, 3485
4, 9564, 5761
2, 9408, 8476
2, 9666, 1888
2, 9815, 968
3, 8542, 4968
3, 6180, 8846
3, 8213, 719
4, 3848, 3243
2, 3080, 7329
2, 4429, 4796
3, 5509, 6277
2, 7132, 6921
3, 9798, 5190
1, 7574, 3319
2, 7193, 8221
1, 8391, 933
2, 5379, 3108
2, 9954, 6324
4, 718, 244
4, 889, 6849
3, 4646, 2140
4, 2310, 3488
4, 5450, 2872
1, 4975, 1151
1, 3100, 871
4, 5871, 1241
4, 5321, 9115
1, 8029, 6208
1, 1478, 1799
1, 2601, 3020
3, 6351, 6325
3, 919, 8457
3, 1547, 6236
2, 3237, 8964
2, 4092, 7951
4, 2326, 2737
4, 5990, 5198
4, 8315, 1609
1, 1513, 8397
3, 5476, 9007
2, 9187, 462
2, 49, 6997
1, 9543, 2109
1, 5487, 1641
4, 4236, 2771
3, 6826, 7655
3, 3927, 6068
4, 3970, 5000
3, 9701, 4853
4, 2889, 9645
4, 8499, 69
1, 8417, 8762
1, 6691, 1055
3, 8000, 1390
1, 6397, 4255
3, 3692, 7362
4, 943, 887
3, 5695, 8217
4, 4527, 7765
1, 8858, 789
1, 5452, 3787
4, 1780, 95
1, 3105, 1081
4, 5160, 6507
3, 721, 3951
2, 9493, 822
2, 4531, 6549
3, 8940, 6766
3, 4420, 6659
2, 1148, 4275
2, 3126, 2567
1, 7746, 9291
4, 9218, 6538
4, 3640, 4984
2, 7815, 4457
1, 3203, 7200
1, 9737, 2929
2, 4795, 3406
4, 2891, 2431
2, 3775, 6032
1, 9800, 9087
4, 8754, 4135
1, 5679, 9192
1, 5997, 5938
1, 3529, 2626
4, 3986, 7105
2, 7394, 9891
1, 6599, 3138
3, 6195, 8346
3, 9420, 9022
1, 6771, 6232
4, 9555, 4286
2, 6142, 6518
2, 623, 8564
4, 4123, 4099
1, 3975, 7859
2, 7908, 1316
1, 2900, 2680
2, 2480, 5571
4, 7173, 3656
3, 6789, 9076
2, 2347, 6539
2, 3270, 6917
2, 3802, 2481
3, 4326, 5783
4, 927, 6587
1, 1654, 6328
4, 1531, 1490
3, 1570, 130
1, 2212, 9648
1, 9722, 641
1, 2758, 4526
1, 9587, 9873
3, 6405, 645
1, 2872, 9391
2, 1780, 3134
3, 9141, 727
2, 6226, 6356
2, 9516, 6657
4, 3976, 4459
4, 6933, 5575
1, 3393, 9485
2, 3526, 4407
4, 6234, 3437
3, 2580, 6984
2, 8236, 6069
4, 3963, 2670
1, 6331, 3955
1, 6398, 6780
1, 5124, 2421
2, 8307, 3817
3, 1515, 7908
3, 8384, 666
4, 7016, 887
1, 2075, 5978
3, 4352, 8083
3, 9805, 5933
2, 4720, 5752
4, 1411, 9936
2, 1303, 9424
2, 4851, 431
3, 6490, 558
3, 4816, 3841
1, 4690, 6577
1, 2320, 9557
3, 9381, 635
4, 6214, 2438
4, 6908, 5829
1, 5251, 3446
3, 7744, 341
2, 2215, 3234
1, 4468, 289
2, 3231, 4113
3, 5432, 2912
2, 362, 849
4, 8012, 7082
1, 8249, 3166
4, 2485, 2766
2, 5996, 2302
2, 7195, 6792
1, 3133, 1747
2, 6162, 5368
2, 3531, 1659
1, 8755, 4079
4, 4606, 4647
2, 7923, 3962
4, 763, 5246
4, 4640, 7018
4, 8786, 5411
4, 2649, 3519
1, 4611, 2639
1, 650, 1332
4, 6973, 972
1, 5118, 68
2, 7041, 1143
1, 2639, 4646
1, 2360, 1305
4, 8316, 6724
3, 5061, 2807
4, 7834, 913
4, 5347, 601
3, 4660, 4927
2, 7556, 7681
3, 8302, 3977
2, 9522, 9334
3, 4780, 5870
3, 2373, 3372
2, 7085, 1458
2, 5899, 3739
3, 8109, 9254
3, 4427, 6007
4, 5370, 2941
1, 1966, 5684
2, 590, 8387
4, 4099, 5356
2, 736, 5262
2, 1390, 2678
3, 195, 1983
3, 5243, 8321
3, 8764, 1098
4, 2849, 8414
3, 875, 7971
3, 3811, 9658
1, 2565, 8858
3, 6898, 4679
3, 9610, 4190
3, 290, 2391
4, 6469, 7172
1, 5256, 6681
1, 2002, 7184
4, 9041, 8193
4, 9789, 3916
1, 4119, 8051
4, 6188, 8606
1, 5449, 3589
2, 6220, 4369
1, 6933, 6214
4, 5408, 1845
4, 7855, 6145
2, 1514, 6835
3, 6942, 7488
4, 6025, 7979
4, 3371, 1977
3, 5952, 8776
1, 3657, 4434
1, 9103, 6416
4, 1949, 9514
3, 7483, 4511
1, 2369, 8772
3, 1553, 8942
2, 7085, 5446
3, 1098, 2730
3, 9613, 7578
2, 9087, 2394
1, 2259, 848
3, 1328, 5782
3, 6124, 7396
1, 3964, 9373
3, 1806, 8850
2, 4786, 5619
2, 1447, 9556
1, 8786, 5800
3, 2262, 4853
1, 9298, 3485
4, 2921, 3200
3, 940, 4903
1, 6517, 7704
3, 1120, 5953
1, 9378, 3057
1, 6121, 3005
2, 9482, 1189
2, 1173, 4264
3, 7442, 3807
3, 6498, 9177
2, 3954, 201
4, 9921, 3617
1, 4541, 4865
4, 8438, 4473
2, 1141, 7175
4, 6846, 7123
1, 5266, 4493
4, 8693, 6572
1, 7936, 3808
2, 4636, 4112
4, 6811, 5548
3, 3695, 5709
2, 5487, 2153
1, 2324, 6507
2, 2962, 5532
2, 3731, 9478
2, 3037, 7298
4, 5812, 2748
1, 7952, 8300
2, 9022, 8411
4, 9586, 3259
4, 3333, 3142
2, 5116, 4210
3, 640, 1801
2, 9829, 8288
3, 5231, 1434
2, 2363, 6188
1, 7031, 6527
4, 5714, 525
4, 4721, 9822
2, 3931, 97
3, 2183, 3120
4, 757, 5853
1, 9165, 4807
2, 1643, 8683
4, 6896, 2301
3, 5958, 6380
2, 7135, 9496
4, 7877, 6686
1, 1790, 2823
1, 5209, 2268
1, 3550, 3240
3, 1650, 6716
4, 1717, 2971
1, 4648, 8449
4, 518, 8942
4, 3509, 9247
3, 7160, 497
1, 1767, 5326
4, 4467, 2638
3, 2661, 7396
1, 5318, 9834
4, 4463, 7137
1, 7889, 8033
1, 8614, 8108
4, 652, 9870
1, 9063, 6889
4, 1109, 1881
2, 5476, 5647
2, 4470, 6411
1, 8522, 9093
2, 770, 2061
4, 1171, 7350
3, 7799, 1301
2, 8648, 2365
2, 4609, 4158
1, 2936, 5868
1, 977, 6682
4, 5861, 8893
1, 9986, 8275
3, 7128, 9176
2, 5897, 4276
2, 8422, 2173
4, 9435, 3172
3, 8254, 4811
4, 1924, 2835
2, 8733, 7175
1, 2100, 5445
1, 4802, 5440
3, 4837, 2557
3, 8568, 6981
3, 4147, 9098
2, 3742, 1117
3, 5988, 9231
3, 2920, 5671
2, 7690, 5959
4, 3090, 6720
1, 5260, 4051
2, 1404, 5543
3, 4528, 7800
3, 9484, 3283
1, 8086, 1811
2, 5290, 6710
3, 9849, 5761
3, 9979, 8613
3, 9800, 5287
1, 240, 2371
1, 8516, 7770
4, 3888, 2596
2, 3043, 2082
3, 2614, 2959
3, 1062, 8973
3, 7548, 6878
2, 9726, 4117
1, 731, 7993
3, 8513, 5796
2, 6378, 3809
3, 8862, 8047
2, 3192, 7190
1, 2814, 273
3, 4557, 6213
4, 730, 5128
2, 7290, 9543
3, 9065, 3993
2, 9964, 6578
4, 3338, 261
4, 4370, 479
1, 5741, 1158
2, 6551, 388
4, 2781, 5877
2, 3694, 3219
4, 7274, 4921
4, 3368, 9917
2, 7961, 2734
1, 6703, 9956
4, 2703, 5147
4, 982, 9339
2, 9861, 9266
1, 8986, 2650
3, 4919, 3801
3, 2680, 7641
4, 8910, 8262
3, 5212, 8062
3, 4803, 6985
4, 3552, 4710
2, 9636, 1467
3, 1706, 231
3, 6339, 9092
4, 6394, 9486
1, 2188, 4768
2, 9915, 5457
2, 6891, 9233
4, 5611, 7157
4, 8378, 3365
4, 6603, 6616
1, 8189, 9905
4, 7821, 5294
1, 7063, 9891
1, 9878, 1184
1, 7311, 3953
1, 5344, 2033
2, 1754, 1667
2, 1937, 9488
2, 1807, 918
3, 1369, 5654
4, 1401, 159
2, 2602, 7507
4, 7880, 167
1, 5732, 849
1, 3583, 5319
3, 5257, 8075
3, 4497, 2232
1, 9393, 6253
2, 9269, 2667
2, 4026, 3033
1, 2645, 5294
4, 5233, 1930
4, 9817, 4960
3, 3431, 2414
2, 2967, 9742
3, 2451, 3805
4, 3604, 7228
2, 9322, 596
1, 4421, 9986
3, 2015, 8973
4, 1614, 8256
2, 2279, 5413
4, 7560, 3303
4, 4344, 6488
1, 1723, 7023
2, 3326, 7316
2, 6176, 9203
3, 6718, 1240
3, 632, 4804
2, 2649, 3271
3, 639, 5092
3, 685, 935
1, 3871, 5912
3, 8713, 3481
3, 4443, 8610
1, 9542, 9706
4, 2375, 373
2, 5410, 2796
3, 2813, 7821
1, 5303, 6568
2, 7650, 9672
1, 6406, 2551
3, 9109, 4516
4, 5261, 585
1, 7735, 2995
2, 1232, 9207
4, 5151, 3556
1, 5720, 2382
2, 9132, 9515
4, 3683, 4022
3, 5024, 4286
1, 7433, 2605
4, 2027, 2854
4, 5284, 4857
3, 609, 786
2, 2661, 1599
1, 2986, 235
2, 3801, 3887
3, 4878, 6523
3, 8183, 9477
2, 2472, 725
2, 8960, 817
3, 1132, 3192
4, 9806, 838
3, 5458, 8590
1, 8371, 5547
1, 6481, 5
3, 7180, 6459
2, 6120, 7411
4, 5431, 6550
2, 2725, 8286
2, 9743, 3879
1, 1502, 8525
4, 3512, 5492
2, 8735, 1987
2, 7321, 5560
4, 5012, 1835
4, 7599, 9372
3, 3491, 8444
3, 1171, 193
2, 902, 4494
3, 3736, 8173
2, 5759, 8449
4, 4255, 8578
1, 4412, 450
3, 6875, 1093
4, 2546, 7520
1, 8788, 7036
1, 8459, 3232
4, 7566, 2674
3, 81, 4712
4, 5757, 9421
1, 8567, 3264
2, 8825, 828
1, 5491, 7047
1, 7813, 134
3, 2840, 9073
3, 8131, 2170
2, 934, 1000
1, 3642, 5314
2, 2266, 8134
2, 3828, 3308
1, 2629, 1603
2, 2540, 1001
4, 7228, 2498
3, 125, 1032
4, 8501, 7381
1, 4291, 118
4, 1561, 3680
2, 2437, 9522
3, 8389, 8314
4, 4604, 1348
3, 4566, 3753
4, 472, 9624
1, 5064, 9314
1, 1199, 4857
2, 3875, 2819
1, 4069, 3146
3, 1920, 7416
4, 4486, 625
1, 7714, 9729
1, 7877, 6921
3, 8777, 2691
4, 2562, 6293
4, 7509, 8343
2, 1788, 4848
3, 8153, 1590
3, 2689, 9325
2, 200, 8456
2, 4801, 3258
1, 6043, 9234
1, 8183, 1881
4, 9928, 4387
1, 3041, 2279
4, 9506, 4568
2, 4978, 195
4, 3714, 8191
4, 1400, 1865
1, 2830, 7135
4, 468, 8669
2, 9091, 9254
2, 1746, 2048
3, 7168, 3769
3, 5312, 8617
4, 2139, 5436
3, 6907, 5993
3, 245, 7204
4, 4016, 1361
2, 1918, 6974
2, 4869, 5033
1, 8301, 6276
1, 1547, 2805
3, 4075, 1050
2, 1690, 2965
4, 6274, 6980
3, 2115, 3897
1, 4622, 8314
3, 4447, 2694
2, 9138, 5263
4, 774, 8899
2, 3560, 8583
3, 7025, 3263
1, 207, 7108
1, 4874, 1176
1, 7948, 5170
2, 1285, 4995
2, 7232, 7416
3, 3857, 7873
3, 9620, 3648
4, 8200, 7588
3, 2383, 7528
1, 6180, 1967
3, 6504, 6737
4, 1758, 5898
2, 1834, 2927
3, 950, 4048
1, 3055, 2904
1, 2147, 6189
4, 6016, 2795
4, 577, 503
4, 1676, 8080
4, 7357, 4545
1, 8639, 9520
1, 5951, 9323
2, 3167, 1914
2, 27, 836
1, 2537, 2607
4, 3212, 5513
1, 8399, 8081
4, 2918, 1402
1, 2614, 8544
4, 6586, 2283
4, 4791, 9461
3, 3645, 2947
2, 7707, 7103
2, 451, 228
2, 5190, 2043
2, 2941, 3416
1, 6597, 6792
2, 8888, 7001
2, 9360, 2665
2, 6537, 3416
1, 7186, 2619
1, 7365, 1175
4, 9842, 8020
1, 969, 9072
1, 8891, 2465
3, 2860, 8734
1, 3335, 8956
1, 7894, 8438
4, 567, 5457
4, 121, 9950
2, 7333, 5076
4, 3701, 2736
3, 9537, 7590
3, 7023, 4416
1, 4604, 4063
3, 7227, 8754
2, 4223, 3143
3, 9296, 8432
4, 7633, 975
4, 4268, 5285
4, 2426, 7752
2, 4696, 7268
1, 5738, 8212
1, 5388, 4108
2, 4288, 2690
2, 9705, 8867
1, 5060, 404
2, 5161, 8153
1, 243, 7563
2, 7629, 9940
1, 5395, 8767
1, 3921, 2901
2, 1012, 6683
3, 9965, 2085
1, 7477, 821
3, 891, 8597
2, 902, 8433
1, 8850, 2956
1, 9071, 1867
1, 667, 3554
4, 7612, 1161
2, 343, 7555
1, 6207, 2944
3, 3994, 7554
3, 6925, 1531
3, 3572, 8296
3, 6145, 205
2, 4428, 1603
4, 4195, 947
4, 4269, 8971
4, 3918, 2119
3, 1342, 741
1, 8765, 8026
4, 5208, 8078
1, 5439, 2916
1, 3249, 8404
2, 822, 9589
1, 5027, 2732
3, 1893, 5117
2, 3787, 4540
2, 3739, 6051
2, 9119, 9630
3, 4527, 6051
2, 7270, 8954
3, 6869, 872
4, 2295, 2908
2, 2321, 8951
3, 4089, 1630
2, 3717, 1152
3, 1198, 8677
3, 9481, 7748
2, 6327, 3601
3, 6154, 916
4, 2487, 7403
4, 3971, 6232
3, 1600, 1303
2, 9643, 1384
4, 9797, 335
3, 8102, 4372
2, 6515, 3537
4, 494, 9673
4, 1268, 7362
4, 7530, 8590
3, 618, 2535
4, 8770, 75
1, 3337, 2636
4, 1284, 5064
2, 6453, 3607
1, 7345, 9604
3, 8265, 3824
4, 3894, 206
2, 8888, 1046
1, 2262, 5579
1, 2034, 7807
1, 7709, 9985
2, 9042, 78
3, 9071, 3845
3, 7844, 8999
2, 1361, 7771
3, 4582, 6379
4, 5469, 5973
4, 5707, 987
1, 8224, 1685
4, 831, 6630
2, 3021, 845
3, 1789, 9725
3, 550, 5894
3, 1912, 3050
4, 1217, 2461
1, 3867, 7460
1, 6731, 8439
4, 9767, 7939
4, 3632, 4449
2, 3230, 8625
3, 7451, 8272
4, 1112, 4087
4, 8940, 6346
4, 2796, 9528
1, 1926, 7947
1, 7352, 4156
2, 1049, 3307
3, 7353, 8784
2, 7627, 6405
1, 4639, 9159
4, 8478, 8922
1, 188, 5330
3, 3293, 984
4, 5764, 7433
4, 2627, 8763
3, 7267, 687
1, 4028, 1839
1, 4304, 2277
2, 747, 7352
3, 5519, 8404
3, 5155, 6722
1, 3744, 9653
1, 6987, 8582
1, 4619, 6208
4, 9011, 4537
2, 5674, 916
3, 4890, 1326
3, 4593, 3847
2, 7463, 9556
1, 6955, 4154
4, 5240, 8059
2, 5988, 302
3, 6178, 775
2, 8098, 8507
3, 7018, 6364
4, 5679, 506
4, 288, 596
2, 9444, 9970
3, 7240, 885
1, 8901, 4648
1, 1557, 2053
3, 9953, 676
1, 6318, 48
4, 6759, 8592
2, 6174, 4237
2, 5443, 5779
1, 2606, 5748
4, 2150, 2863
1, 9688, 1525
2, 808, 9506
3, 2793, 2871
1, 9230, 8638
3, 1350, 5735
2, 848, 1104
2, 2784, 2718
3, 2004, 8705
3, 1778, 8989
4, 5209, 7630
2, 8879, 3906
3, 700, 5887
1, 5601, 3680
1, 1160, 4629
4, 9022, 6884
2, 8660, 7220
3, 8859, 7158
3, 7035, 729
2, 3241, 8689
3, 759, 4910
1, 3141, 362
2, 5788, 6659
4, 8406, 4219
2, 8143, 9286
2, 9898, 4987
4, 631, 3773
3, 8162, 5451
1, 652, 2061
1, 1272, 2254
2, 1949, 6700
3, 4029, 8479
4, 7905, 6109
3, 6487, 1444
1, 404, 3781
2, 5333, 6860
1, 4518, 2537
3, 4786, 2039
2, 1205, 3351
2, 8434, 3319
1, 1535, 6041
3, 5173, 6996
1, 8743, 9891
2, 4067, 788
1, 3397, 6219
1, 5806, 3802
1, 7300, 2570
2, 3503, 370
3, 1131, 9518
2, 6018, 951
1, 4079, 5329
1, 381, 2892
4, 2149, 452
1, 9654, 9242
1, 5087, 8163
2, 6266, 6661
3, 5701, 5365
4, 6407, 4849
2, 3119, 9483
1, 7967, 8623
3, 3400, 3576
1, 3465, 5421
3, 1120, 462
3, 836, 4513
3, 4205, 3499
2, 2023, 6425
4, 2087, 5610
2, 2785, 1227
1, 7193, 502
1, 3895, 5506
2, 2407, 6453
1, 127, 9063
3, 5398, 2469
4, 949, 4159
2, 1045, 2851
1, 7025, 301
1, 4130, 7195
1, 6110, 5359
4, 2272, 3210
3, 9539, 5431
2, 6144, 2014
2, 3454, 2142
3, 8677, 5376
1, 6242, 9692
1, 2104, 7412
4, 9963, 789
4, 424, 3150
2, 9233, 5959
3, 1421, 769
4, 3260, 9616
3, 2686, 5100
3, 8554, 3740
4, 662, 4774
3, 4622, 391
4, 3641, 2978
3, 9449, 2271
3, 4557, 5459
4, 6774, 3172
3, 2698, 4325
1, 336, 5360
1, 651, 3066
2, 3486, 7291
3, 1747, 3323
4, 3076, 685
4, 7504, 9258
4, 3355, 4706
2, 5830, 7116
2, 2176, 3344
2, 6188, 8344
3, 715, 1670
1, 6003, 6640
4, 8964, 7189
3, 1095, 254
3, 8613, 4885
1, 6266, 5439
1, 9406, 3773
2, 8258, 5751
4, 3984, 4563
2, 7728, 5910
1, 9131, 2694
4, 4149, 6441
4, 7677, 6827
3, 3914, 7293
3, 4805, 3548
1, 4301, 2259
4, 7537, 2860
3, 3417, 2863
4, 3188, 6672
4, 4936, 2620
1, 5399, 12
4, 8888, 6901
4, 200, 9281
2, 417, 6373
1, 6044, 4565
2, 2684, 7013
2, 8264, 6285
3, 2731, 6528
3, 4868, 407
3, 5829, 1921
2, 7344, 1114
4, 8981, 6264
1, 4111, 788
3, 1674, 1199
4, 8689, 9189
2, 4037, 6295
4, 3415, 9174
1, 6378, 9935
1, 6987, 5359
4, 7232, 6665
3, 8964, 2453
3, 5540, 4095
3, 3742, 1163
4, 3215, 3259
4, 6376, 6571
4, 1183, 6487
1, 1084, 2862
1, 234, 600
2, 4163, 6255
3, 20, 389
1, 8138, 8012
3, 4550, 2300
4, 9086, 5384
4, 1301, 5991
1, 6339, 2554
3, 5589, 1135
1, 6858, 4466
1, 6812, 1481
1, 4976, 1996
2, 8641, 6804
4, 9688, 3587
3, 9894, 5375
3, 2790, 2030
3, 6667, 8605
4, 1573, 813
1, 5674, 9652
2, 1270, 7515
4, 1343, 3584
3, 7957, 6400
3, 6947, 9302
1, 3044, 2118
1, 7946, 970
4, 9169, 6020
2, 2308, 6067
2, 2329, 6887
3, 3459, 4481
4, 1317, 599
1, 7162, 2002
1, 2738, 2160
3, 8487, 1157
3, 7244, 1764
1, 7344, 5067
3, 458, 301
3, 5334, 5311
2, 4895, 5257
2, 349, 1223
1, 7089, 5380
4, 1899, 3577
4, 6207, 9089
4, 9900, 9623
1, 8601, 6980
4, 2876, 9829
3, 4334, 8052
2, 3935, 8132
3, 1128, 418
1, 6564, 7769
3, 2948, 3672
2, 498, 220
2, 4934, 9359
3, 7264, 6805
3, 1080, 1119
4, 6374, 920
1, 4441, 4305
2, 3779, 2929
1, 5896, 5660
4, 6305, 3809
4, 9799, 6228
4, 6702, 584
3, 5745, 1875
3, 3077, 8770
2, 137, 7063
4, 853, 6451
2, 3467, 4861
2, 3170, 8541
1, 4321, 3007
4, 9993, 3846
1, 8509, 2180
2, 1022, 7066
2, 3256, 3764
3, 9459, 6635
2, 5270, 9500
4, 460, 3026
1, 4517, 8064
3, 1522, 7925
3, 3736, 6531
4, 4491, 3366
3, 9577, 7970
2, 8991, 5161
1, 1708, 4059
2, 9183, 2548
2, 9145, 7016
3, 9984, 4058
4, 1397, 2866
4, 7714, 3869
2, 8438, 2542
1, 7667, 5144
3, 2698, 8209
1, 9329, 7241
3, 6026, 8894
3, 5392, 7291
1, 8712, 3662
4, 3153, 9280
2, 6565, 5890
2, 1787, 6306
1, 952, 1898
2, 5028, 6390
4, 8864, 7569
4, 2842, 6602
4, 9959, 9990
4, 1677, 4018
4, 9992, 2800
1, 1423, 3270
4, 974, 7770
4, 1209, 2019
3, 2840, 2719
4, 4674, 6923
4, 2542, 7107
1, 1568, 2982
1, 9219, 3430
1, 7128, 6100
1, 2341, 517
4, 6806, 1837
4, 4123, 774
1, 3079, 3981
1, 5568, 4388
4, 8212, 8023
4, 5091, 9408
4, 6993, 9665
4, 8152, 5056
3, 4192, 8227
2, 8586, 8258
3, 2947, 8393
3, 5358, 7191
4, 9772, 7793
1, 7792, 265
2, 6682, 3036
4, 9847, 4004
3, 9188, 1206
1, 2867, 2659
2, 2236, 6974
3, 4217, 9415
3, 27, 8669
2, 490, 4796
2, 3032, 1707
3, 2298, 7421
4, 7895, 7601
4, 6591, 239
4, 8118, 5376
3, 2374, 6061
3, 3229, 4737
4, 4512, 8168
3, 1916, 2989
4, 7534, 5079
4, 669, 7855
3, 7781, 7963
4, 7614, 6829
1, 8776, 5389
2, 8333, 7532
1, 3299, 3653
1, 3786, 6106
3, 8100, 1296
4, 9860, 1145
4, 3599, 5294
3, 5383, 4558
3, 5389, 5686
2, 4178, 68
4, 8944, 888
2, 7521, 9385
3, 5983, 5007
2, 8132, 7811
3, 9087, 8887
3, 1624, 6681
3, 6230, 9506
3, 7286, 9534
2, 5299, 1250
3, 4322, 3771
2, 3817, 9935
3, 202, 717
4, 8523, 916
3, 6192, 6686
1, 2178, 9682
2, 8577, 282
3, 8315, 642
3, 4862, 9238
3, 8572, 7720
4, 4565, 9700
2, 2163, 3315
3, 4706, 2207
3, 4482, 9869
1, 9771, 5345
4, 9502, 8175
4, 2421, 1212
2, 7025, 5199
2, 7321, 8858
2, 5443, 5588
2, 8986, 4878
1, 6050, 5053
2, 5571, 3361
1, 2611, 7921
2, 3524, 946
3, 8326, 7548
2, 1094, 1537
3, 7796, 8024
4, 7096, 3769
4, 4999, 1329
2, 8215, 361
3, 4810, 3421
2, 7175, 9038
3, 7006, 4646
4, 7414, 6998
1, 6101, 1963
2, 1815, 9534
4, 7652, 4959
4, 1104, 8884
4, 8885, 7764
3, 5848, 9901
3, 7335, 9272
1, 8646, 54
4, 7987, 9498
2, 2746, 994
3, 1430, 8955
3, 559, 9277
2, 5161, 6834
4, 113, 8532
3, 7841, 2091
3, 2463, 1182
1, 7418, 7256
3, 7679, 9075
2, 173, 6674
3, 1982, 1502
4, 5661, 6192
2, 3094, 3750
2, 118, 1214
4, 3318, 1055
1, 1546, 4838
1, 511, 1348
3, 3246, 1231
1, 1657, 426
2, 3136, 7425
2, 8835, 9019
3, 431, 8507
2, 3213, 5153
3, 4066, 3148
2, 1362, 4670
1, 6980, 8956
1, 1671, 2522
4, 5600, 9057
3, 92, 9040
4, 1865, 8211
3, 3697, 3992
3, 8992, 5655
4, 4407, 8341
1, 8392, 6763
4, 8683, 402
3, 7569, 4797
4, 7010, 83
4, 8852, 5382
2, 3006, 3605
4, 1615, 4692
3, 8887, 5445
2, 4161, 567
3, 1787, 3948
3, 2345, 9767
3, 7521, 6366
3, 6163, 9537
2, 2838, 3583
4, 6583, 753
1, 4135, 572
3, 4979, 2078
2, 9826, 3800
2, 6624, 5024
4, 1187, 4621
3, 3781, 4235
1, 4394, 7363
4, 2689, 5897
2, 5234, 816
3, 4532, 8347
3, 1712, 5740
1, 1742, 53
3, 3796, 1401
4, 3275, 7602
3, 123, 8640
2, 815, 6259
2, 2739, 5756
4, 5261, 3868
2, 2816, 4110
3, 7528, 3727
4, 1206, 148
4, 1187, 7042
2, 276, 92
2, 9884, 6797
3, 9417, 1325
1, 7780, 2347
4, 5104, 578
3, 9227, 819
4, 5909, 7992
3, 7863, 4393
3, 7085, 6509
4, 2795, 7555
4, 593, 2830
1, 5428, 8341
2, 9231, 3212
2, 7409, 1827
4, 5379, 966
1, 3867, 2030
3, 7114, 1252
2, 9164, 7721
3, 9738, 3003
4, 8929, 8964
4, 4521, 9172
3, 9813, 5954
1, 1430, 1068
2, 7463, 6042
3, 2844, 2345
2, 7729, 6340
4, 8735, 9085
4, 3657, 8919
1, 5510, 4529
3, 5890, 442
4, 7357, 1963
4, 8439, 9318
2, 1178, 8148
3, 3359, 8695
2, 3983, 6029
4, 3481, 6016
3, 9504, 458
2, 7336, 4374
3, 2636, 3056
4, 1230, 5975
3, 8677, 2915
3, 8935, 5954
2, 349, 9977
4, 4064, 5968
2, 9304, 9174
1, 2942, 9280
3, 6004, 8901
2, 298, 8522
4, 7372, 5784
2, 3590, 4779
2, 5709, 5709
2, 1459, 1728
3, 7541, 4695
4, 7893, 2714
4, 1479, 6143
3, 8009, 7952
2, 6196, 2674
3, 1288, 2063
3, 6896, 7621
3, 9945, 7033
3, 4207, 9367
3, 7197, 6264
3, 5176, 9414
2, 9069, 1050
1, 1713, 4033
2, 4701, 4994
2, 1891, 1926
1, 855, 9654
2, 7039, 6397
2, 838, 770
1, 6463, 6368
3, 7506, 9185
4, 2713, 5182
1, 7833, 4543
2, 3180, 6100
1, 6517, 9617
1, 9264, 9871
1, 5638, 4854
1, 9906, 2669
1, 6715, 2376
4, 844, 1309
1, 2897, 128
2, 307, 8820
3, 7536, 4182
3, 9154, 8846
1, 7322, 8273
2, 6697, 5270
3, 6309, 1929
2, 7451, 2682
4, 9760, 6965
1, 5051, 8584
4, 4797, 77
1, 2766, 9526
3, 5732, 96
2, 2719, 1654
2, 2902, 6479
3, 3674, 4835
1, 2454, 2418
1, 7356, 9778
4, 377, 5443
3, 3934, 3623
4, 5619, 9086
1, 9686, 2588
2, 8536, 5067
2, 9013, 2551
2, 9243, 2108
4, 5719, 3991
4, 4701, 2774
2, 374, 9704
3, 2360, 5845
4, 3385, 9542
2, 3622, 5145
2, 8588, 881
4, 6585, 9126
4, 6699, 7352
2, 865, 1528
1, 3611, 850
4, 6191, 7025
4, 3152, 8760
2, 5975, 4501
3, 6181, 6325
3, 1403, 6186
1, 7141, 7923
2, 9114, 2315
1, 9358, 2014
4, 5913, 1889
3, 3811, 4414
4, 8074, 1563
1, 7018, 9399
4, 4620, 8520
4, 4697, 8396
4, 957, 5326
1, 7930, 3059
1, 7387, 5476
3, 5586, 8618
4, 1906, 4887
2, 568, 1935
3, 1123, 3352
3, 7576, 1350
2, 8648, 3546
2, 3727, 7451
1, 5394, 9271
4, 488, 2222
2, 6203, 2979
1, 472, 5728
1, 9628, 1760
4, 2581, 9368
1, 9678, 8277
2, 7817, 6164
1, 4510, 2330
3, 2059, 5582
3, 2959, 3197
4, 7138, 7103
4, 6984, 6370
1, 532, 1514
4, 6608, 3053
3, 7336, 5043
3, 4510, 545
1, 1192, 7925
2, 369, 8805
4, 8062, 1791
2, 2523, 2711
4, 567, 4215
1, 9690, 5126
4, 4104, 690
2, 2372, 1184
1, 5761, 123
1, 4832, 2980
2, 5276, 9724
3, 1780, 4546
2, 9810, 7915
1, 2590, 5347
4, 5118, 948
3, 5221, 8857
4, 6060, 763
2, 7260, 3389
1, 394, 3715
2, 6458, 3566
1, 187, 3452
4, 9803, 522
4, 1189, 6870
4, 7083, 9561
2, 8313, 9849
4, 6545, 1535
1, 7702, 9886
1, 5983, 5025
3, 2934, 247
1, 1472, 6692
4, 7841, 6112
1, 1807, 231
1, 3375, 2621
4, 9763, 9937
1, 1000, 1571
2, 4602, 8380
3, 4500, 5558
3, 4675, 637
1, 7034, 7660
1, 188, 1061
4, 677, 200
2, 2742, 407
3, 6990, 6467
4, 6442, 4149
1, 3660, 6986
1, 6273, 7561
3, 6294, 5261
2, 8843, 6452
2, 3844, 9432
3, 2365, 3
4, 9921, 6869
3, 6473, 9603
2, 9376, 8107
1, 7840, 9847
4, 6926, 7050
3, 2765, 7325
3, 6204, 6967
1, 8993, 8973
4, 3105, 323
3, 2941, 1911
4, 2116, 6491
3, 9824, 898
2, 9080, 2084
3, 3212, 3036
3, 3925, 1823
4, 8957, 7457
4, 9586, 5228
3, 3537, 8058
3, 2429, 2591
4, 8138, 8337
2, 4214, 4520
4, 3568, 4850
4, 7714, 9274
2, 9468, 7293
4, 2891, 804
2, 3403, 480
3, 8520, 3021
1, 8963, 8503
4, 3177, 5589
1, 7676, 5927
3, 1032, 7272
2, 9007, 226
1, 9710, 113
2, 1419, 2643
2, 2859, 7430
2, 3943, 704
4, 1906, 1845
4, 7046, 5420
1, 3251, 8529
4, 8361, 6326
1, 8687, 4806
1, 6274, 6816
2, 9152, 6502
3, 2069, 6918
4, 7509, 2933
3, 9604, 8245
3, 5206, 7993
3, 7815, 2326
1, 7597, 4971
2, 7604, 2921
2, 7195, 8020
3, 9034, 8687
1, 7479, 5958
1, 2152, 4680
3, 8965, 173
1, 2711, 4416
3, 9741, 738
4, 1774, 8369
2, 988, 6586
3, 8996, 6767
2, 8941, 5683
3, 9302, 7859
4, 8464, 6215
4, 7970, 3965
1, 3003, 9196
4, 7786, 1793
2, 4256, 1176
1, 4964, 1213
1, 1445, 3238
4, 5697, 9217
4, 6101, 5540
3, 9660, 2674
4, 9358, 9946
1, 8226, 3467
2, 5270, 9625
4, 9875, 58
3, 7195, 6094
1, 7656, 1359
1, 3534, 4110
4, 3507, 4324
1, 9914, 7229
2, 2553, 4037
3, 6116, 8357
1, 1736, 733
2, 7040, 5488
1, 7895, 7597
1, 7043, 9318
1, 2357, 8944
2, 4192, 4365
3, 3413, 207
3, 8649, 7410
3, 6405, 6152
3, 2327, 5334
2, 953, 7653
4, 839, 6566
1, 5936, 7205
2, 385, 671
2, 8604, 1312
4, 8422, 6420
2, 6291, 9204
2, 1793, 6966
2, 3597, 6
4, 5374, 8747
2, 1268, 6691
2, 2323, 8821
2, 9158, 4063
1, 6510, 9068
2, 9115, 1358
4, 5201, 4574
1, 9124, 8351
4, 7292, 2048
1, 8363, 2968
3, 6081, 6149
1, 4888, 7157
4, 2880, 5982
3, 8324, 5351
1, 9876, 898
1, 4874, 5083
2, 3863, 7082
3, 8330, 6827
3, 5254, 9030
4, 5296, 9344
2, 3181, 1438
1, 9882, 8455
1, 2917, 2192
3, 9087, 9070
2, 1747, 4787
3, 7960, 8750
1, 4647, 1486
2, 2745, 3810
1, 4294, 8323
4, 2108, 210
3, 17, 3460
1, 6209, 5280
1, 3406, 5408
4, 8699, 1034
3, 8623, 4838
1, 2839, 267
4, 6030, 1151
3, 4145, 8888
2, 3027, 5910
1, 139, 5565
3, 7441, 3608
2, 760, 7009
2, 4401, 1443
3, 7024, 8176
3, 8611, 1743
1, 119, 8556
4, 7896, 6974
2, 7710, 7557
3, 5539, 8110
3, 9747, 9453
3, 1635, 8177
4, 9270, 7767
1, 1209, 2242
4, 7969, 493
4, 4538, 2416
3, 1204, 6741
2, 3567, 5927
2, 9756, 1579
4, 2991, 8909
1, 3247, 9235
3, 7994, 8166
2, 1178, 2512
4, 7802, 6678
1, 4936, 8596
1, 1338, 8897
1, 3449, 8217
3, 1065, 1662
3, 3720, 1700
4, 9766, 9381
3, 230, 4774
3, 7349, 9925
3, 4735, 1744
1, 4736, 5216
1, 8361, 9537
4, 8136, 7067
3, 8522, 209
1, 928, 432
4, 9709, 4326
1, 7446, 4452
1, 4835, 5543
4, 5956, 4095
1, 7524, 4288
1, 6648, 3610
1, 4771, 84
1, 15, 7951
1, 6599, 1918
4, 2111, 7941
1, 3514, 3432
1, 7812, 4030
2, 8029, 3666
2, 7023, 129
2, 3451, 1460
1, 7831, 5571
4, 1559, 8695
4, 3579, 5617
2, 12, 2175
4, 1099, 7877
4, 2398, 6209
4, 2598, 2492
1, 8967, 8639
1, 9821, 5498
3, 277, 5189
4, 426, 7043
3, 4913, 8887
3, 9924, 9391
1, 7711, 8645
2, 6892, 7296
1, 2802, 4057
4, 2174, 6850
1, 5500, 4614
1, 4649, 3708
2, 8530, 153
1, 1443, 9234
1, 5922, 8912
2, 4246, 2698
4, 9510, 1540
3, 3121, 8073
4, 4897, 2493
2, 8254, 9404
3, 4986, 6002
2, 4701, 5172
4, 5434, 1338
4, 7664, 4539
2, 9017, 2300
3, 8863, 5844
2, 613, 8997
4, 8681, 944
3, 9668, 9409
2, 5097, 121
3, 5479, 2345
3, 1126, 3721
4, 658, 6549
2, 9119, 7726
3, 6687, 200
1, 8605, 9169
1, 4612, 6880
4, 7681, 7998
1, 1372, 6800
4, 3284, 904
3, 3404, 1709
4, 7296, 4387
4, 3686, 4297
4, 8814, 3453
3, 486, 3802
4, 2568, 7146
2, 3867, 6235
4, 6194, 9856
2, 5610, 8235
2, 4043, 3671
2, 7934, 5586
1, 8942, 9341
3, 847, 6718
4, 5063, 3178
4, 8410, 8704
4, 9285, 3901
2, 1752, 5256
3, 1219, 6625
3, 6994, 770
2, 1101, 2871
1, 4757, 7729
3, 3079, 788
2, 7186, 1280
2, 7290, 7757
1, 7413, 3482
2, 4342, 3328
2, 1742, 1376
2, 6087, 8262
2, 1893, 4933
4, 91, 9507
4, 509, 3451
4, 7824, 3980
3, 2817, 7703
1, 7871, 1255
4, 5023, 3842
4, 5402, 8807
2, 6310, 6280
4, 7874, 2904
4, 993, 6732
1, 3001, 631
1, 4136, 5769
1, 9830, 4825
2, 6975, 3202
1, 244, 24
3, 9635, 6988
2, 638, 8899
3, 4795, 1004
1, 1162, 8718
4, 1320, 9107
4, 4861, 274
3, 3032, 757
3, 1353, 6684
4, 6312, 7712
2, 3457, 6575
3, 8008, 6243
1, 5589, 5132
3, 9376, 3289
1, 7671, 6534
2, 9489, 6057
2, 3940, 8066
3, 6461, 789
2, 7842, 6997
4, 8718, 989
1, 8163, 9298
4, 5254, 1604
3, 9797, 4515
1, 3683, 6638
3, 5093, 1929
2, 5681, 2119
1, 2794, 4279
2, 5082, 9473
3, 2297, 8459
4, 7155, 1290
1, 5491, 7640
3, 3297, 503
2, 2584, 3362
1, 8053, 84
3, 7514, 2635
2, 4007, 7181
3, 2969, 2350
3, 3888, 2159
3, 9661, 6472
1, 2356, 2055
2, 5133, 5626
2, 1130, 3254
4, 5088, 4487
4, 1090, 4226
1, 4836, 6886
4, 7370, 2423
4, 6870, 8644
4, 4179, 239
2, 9980, 5246
1, 1619, 7011
1, 5067, 9772
4, 7562, 2602
3, 8439, 7515
1, 8970, 1718
1, 9505, 8454
4, 6277, 2879
3, 7807, 8533
4, 7839, 3146
2, 6636, 906
3, 7935, 5316
4, 7938, 4021
4, 4343, 8490
1, 5157, 7769
3, 8035, 4174
4, 8526, 8060
4, 8824, 2460
2, 4043, 5078
1, 5844, 1628
2, 7457, 6553
4, 7287, 6516
1, 9491, 3639
3, 4483, 787
1, 3942, 5223
4, 6906, 3457
4, 1110, 8637
3, 9914, 3601
3, 4685, 2799
4, 3122, 2411
3, 6414, 7069
1, 4265, 2950
2, 4394, 4934
2, 1614, 1949
2, 2530, 3058
2, 6440, 1961
2, 2508, 2504
3, 6216, 8249
4, 7645, 16
3, 6517, 3388
1, 6428, 8059
2, 347, 508
1, 3684, 3173
4, 8006, 3987
3, 7933, 4715
4, 1076, 8356
3, 7965, 9325
1, 2693, 2486
3, 479, 3675
4, 5965, 58
3, 651, 2741
3, 3813, 3836
4, 3116, 1937
2, 7163, 6175
3, 9978, 2892
2, 5875, 9136
3, 276, 905
3, 6463, 487
2, 9316, 6088
3, 2353, 8935
3, 6307, 7878
3, 965, 1811
2, 8901, 377
2, 9507, 5475
2, 5925, 1131
4, 5026, 4851
3, 9107, 8753
2, 5342, 3552
1, 6263, 376
2, 456, 7161
1, 6543, 5104
2, 789, 2319
4, 1677, 8945
4, 1456, 6998
4, 1471, 2466
1, 6109, 9022
4, 9796, 4442
3, 586, 6098
1, 9871, 4423
1, 562, 4752
4, 5002, 7924
2, 1812, 8869
2, 5265, 2119
3, 9047, 723
3, 5180, 2102
4, 750, 610
4, 9389, 3885
3, 5147, 7724
3, 4702, 1457
4, 6961, 435
4, 5075, 9485
1, 1453, 5740
1, 5465, 5100
4, 2876, 7637
3, 2299, 6296
1, 4140, 7861
1, 8469, 1499
4, 5723, 5061
1, 8970, 1776
2, 9199, 1656
3, 2057, 2851
4, 2799, 9235
1, 9914, 2579
1, 9305, 4766
2, 864, 1668
4, 543, 1183
2, 9341, 4960
1, 8875, 4299
2, 392, 305
4, 3010, 1953
3, 2488, 2476
2, 5826, 8597
1, 4450, 6687
3, 4517, 6298
3, 3929, 6514
3, 1551, 1216
2, 3272, 8566
2, 3882, 3101
4, 3849, 440
3, 8289, 263
3, 3796, 5123
1, 6661, 9681
4, 8357, 3664
3, 5209, 7960
4, 6414, 442
2, 3830, 4743
2, 815, 2513
2, 4933, 6427
3, 3847, 1000
3, 1033, 1362
4, 3505, 3863
4, 9015, 2139
2, 9536, 4891
4, 3420, 461
3, 5126, 6274
3, 6126, 1264
2, 6236, 1956
1, 102, 5716
2, 7313, 2608
4, 2597, 1635
3, 3736, 9737
4, 4359, 9865
2, 4011, 5050
2, 1435, 4573
3, 2952, 6098
1, 216, 5827
2, 2234, 6265
1, 226, 1762
4, 1140, 6663
2, 5160, 4720
1, 114, 7789
2, 5527, 1281
1, 365, 7991
1, 7975, 7913
2, 8830, 3093
4, 2696, 8610
3, 4994, 8788
1, 1465, 6030
1, 5655, 6971
2, 3133, 4155
2, 1211, 1629
4, 5413, 7273
1, 75, 3
4, 8505, 226
4, 3906, 8335
3, 6144, 2011
4, 4775, 2706
2, 48, 6982
1, 472, 3155
1, 2930, 5643
3, 8935, 4895
4, 9772, 789
4, 2939, 6011
3, 9131, 6233
1, 4168, 1124
2, 430, 2149
4, 5481, 5417
1, 2074, 197
1, 1829, 4648
2, 6864, 5974
4, 4473, 1193
1, 3176, 6384
3, 2376, 1970
2, 3708, 38
3, 8845, 130
1, 1699, 2122
4, 7084, 3727
3, 4917, 6251
3, 1303, 7583
2, 6936, 8580
3, 8947, 6623
2, 2191, 906
3, 7263, 3488
3, 5410, 9691
3, 1510, 9696
1, 5778, 5045
3, 1835, 4803
1, 9464, 4770
4, 6968, 541
3, 9978, 623
4, 9469, 374
1, 8353, 7080
4, 4789, 273
2, 9173, 911
3, 3874, 2901
4, 1434, 2281
1, 437, 3301
4, 6152, 1366
3, 8457, 1603
3, 6094, 4924
2, 4265, 1228
4, 8776, 328
3, 2945, 8790
1, 3284, 5920
1, 4305, 3581
3, 3573, 890
3, 4190, 1291
3, 8315, 4716
1, 5292, 701
1, 8944, 3130
1, 6490, 5892
2, 9689, 2167
1, 1528, 4079
4, 2552, 204
1, 4526, 5229
1, 278, 8834
1, 3659, 9768
4, 7451, 5721
3, 5727, 7666
4, 8707, 9433
3, 5834, 7971
1, 5891, 2270
1, 5216, 8803
1, 7471, 5615
2, 7963, 2499
1, 9365, 3819
4, 3917, 4286
4, 4021, 3183
3, 9203, 755
3, 8730, 9945
1, 352, 7451
2, 1396, 2976
3, 2468, 1113
1, 665, 4679
4, 666, 3135
4, 5517, 8510
1, 7074, 3510
1, 4697, 6077
2, 9484, 6654
4, 9173, 2691
2, 153, 7911
4, 4674, 437
4, 1968, 1847
4, 2264, 6629
2, 2514, 4058
3, 9396, 1221
1, 6582, 4732
3, 8536, 2619
2, 9868, 5465
2, 5695, 8223
1, 4318, 9354
4, 2728, 1901
2, 840, 3221
4, 7764, 4496
2, 1876, 3999
3, 261, 4775
2, 3919, 2077
1, 1183, 8366
4, 7851, 3124
2, 2679, 8248
2, 9458, 8474
1, 6126, 29
4, 6258, 3803
3, 5477, 3541
3, 9389, 204
2, 2253, 7481
2, 4328, 8608
3, 9001, 2571
2, 8322, 1450
1, 5872, 3642
3, 8944, 2467
4, 4114, 2598
1, 2898, 1957
1, 3594, 2470
2, 6697, 1739
1, 128, 4554
3, 5095, 4324
3, 7672, 633
1, 9763, 2792
2, 9084, 2493
2, 6741, 3915
3, 5805, 358
4, 5652, 8138
1, 4091, 5786
3, 2376, 418
1, 2752, 6751
4, 3661, 7835
4, 3070, 6788
2, 4524, 6869
2, 8375, 6866
2, 9770, 5268
1, 167, 592
1, 4510, 8001
1, 5903, 7350
4, 7948, 6452
2, 2808, 775
2, 5669, 4037
2, 2128, 2829
4, 2560, 4795
2, 1881, 3785
3, 1719, 6898
2, 5361, 6976
2, 4145, 8818
1, 2821, 9251
1, 9021, 578
2, 2878, 6594
2, 7453, 8132
1, 4998, 2769
2, 3154, 2603
4, 7291, 4758
1, 356, 219
1, 3813, 1266
4, 1341, 2754
3, 7662, 8256
3, 3589, 1198
3, 7753, 2650
3, 7968, 6648
4, 3072, 7391
3, 6624, 9244
2, 6727, 1056
2, 5256, 7952
4, 8278, 7325
2, 6305, 8035
4, 8171, 8366
1, 4107, 7282
3, 3716, 9197
1, 6305, 4514
1, 4616, 4337
4, 9016, 976
3, 5619, 5555
4, 7223, 1090
3, 5914, 4241
1, 4589, 4910
2, 4909, 423
4, 2101, 6591
2, 2099, 1917
4, 5997, 4332
2, 2789, 2367
3, 7889, 3057
1, 6779, 1061
4, 3395, 476
4, 2179, 133
2, 453, 5073
2, 9692, 6712
1, 5484, 91
1, 9936, 4192
1, 5388, 9063
4, 8291, 3858
2, 2904, 9
1, 1794, 9409
2, 2075, 1059
3, 6581, 5698
2, 5174, 9231
2, 3407, 9817
3, 1929, 3992
2, 468, 3824
3, 9185, 2461
4, 4554, 8838
1, 5863, 3083
3, 1465, 9572
4, 5766, 172
4, 1627, 7011
1, 9295, 4631
2, 576, 6232
1, 5638, 8214
2, 9106, 2890
4, 7238, 7971
1, 3821, 1823
4, 4645, 7569
1, 387, 4402
3, 8987, 9679
1, 2612, 9518
3, 370, 5689
2, 102, 9884
4, 9290, 4467
1, 4269, 4619
1, 3756, 1408
1, 5170, 8468
4, 4488, 1649
3, 1917, 2745
1, 9866, 9779
1, 2748, 2636
1, 6085, 9237
4, 1589, 9798
2, 7704, 6629
1, 5194, 2408
4, 4349, 2263
2, 4600, 2126
3, 1902, 6108
4, 2921, 2334
4, 2109, 6967
3, 4081, 3665
2, 2115, 7707
4, 3139, 498
2, 6838, 6539
1, 9813, 5189
1, 8829, 8181
2, 4477, 7340
2, 7775, 7947
4, 142, 9892
4, 2424, 7227
1, 1477, 6887
1, 705, 3698
2, 2352, 4779
4, 6806, 8094
4, 8261, 7301
2, 5838, 6959
3, 1724, 4857
4, 5996, 1984
3, 3882, 6857
2, 5406, 4540
1, 3927, 5156
1, 8565, 4408
1, 1472, 1336
4, 6313, 8999
4, 3448, 2084
1, 7104, 9941
3, 8296, 3386
3, 6036, 7327
1, 9562, 2780
4, 8637, 5285
2, 4609, 1639
2, 5499, 1453
4, 4407, 7510
4, 2565, 8193
1, 4141, 4621
4, 5205, 1727
3, 2834, 8970
4, 7211, 3334
4, 3975, 6449
4, 1332, 6056
3, 7904, 8674
2, 1367, 3249
3, 7059, 7625
4, 6760, 7044
4, 3058, 616
3, 7841, 1716
1, 2275, 884
3, 234, 2172
2, 5324, 9919
2, 608, 6935
2, 5032, 4403
4, 9428, 2905
3, 5332, 7357
4, 8246, 7409
2, 9179, 3934
1, 8957, 4962
4, 2670, 5740
2, 5469, 1369
2, 4272, 2848
3, 9218, 9489
2, 9265, 7562
4, 9351, 8991
3, 7200, 9458
3, 4213, 5169
4, 6496, 6753
2, 8847, 7814
1, 93, 1371
2, 9606, 5868
4, 5432, 3696
